entity;code;year;all_death;neoplasms;ratio;death_rate;gdp;population;sales_of_cigarettes_per_adult_per_day;annual_co2_emissions_tonnes
Armenia;ARM;1990;22801;4136;0.181395553;148.3269875;5180.061203;3538164;11.89999962;6642549.18
Armenia;ARM;1991;23671;4274;0.180558489;150.2184502;4616.944854;3505249;9.300000191;6440640.87
Armenia;ARM;1992;25719;4588;0.178389517;158.4439499;2735.786539;3442820;4.900000095;5719931.63
Armenia;ARM;1993;26712;4681;0.175239593;159.5783627;2554.172167;3363111;5.5;2508264.53
Armenia;ARM;1994;25535;4478;0.175367143;150.6021869;2757.23181;3283664;5.699999809;2683496.48
Armenia;ARM;1995;25025;4487;0.179300699;147.8145972;3008.233321;3217349;5.599999905;3360091.62
Armenia;ARM;1996;25035;4606;0.183982425;148.5572293;3234.069621;3168213;5.599999905;2497343.84
Armenia;ARM;1997;24119;4525;0.187611427;142.9620628;3378.944431;3133081;5.599999905;3246443.17
Armenia;ARM;1998;23884;4565;0.191132139;142.2348384;3654.052968;3108691;5.699999809;3411071.87
Australia;AUS;1990;113589;31401;0.276444022;162.2826256;31058.25967;16960600;7.599999905;278424375.7
Australia;AUS;1991;113521;31902;0.281022894;160.4229246;30542.91971;17189235;7.300000191;279872363.9
Australia;AUS;1992;115531;32785;0.283776649;160.7045625;30298.92902;17402179;7.300000191;284912124.3
Australia;AUS;1993;116309;33430;0.287424017;159.7867443;31213.07985;17603211;6.599999905;289234856.5
Australia;AUS;1994;119121;34419;0.288941496;160.4954713;32114.83084;17798526;6.400000095;294014610.4
Australia;AUS;1995;119684;34883;0.291459176;158.7054609;32946.90067;17993083;6.300000191;305409799.3
Australia;AUS;1996;121577;35577;0.292629362;157.5911458;33778.06354;18189274;5.599999905;312361210
Australia;AUS;1997;121817;35937;0.295008086;155.0203818;34727.19978;18387205;5.599999905;320794696.4
Australia;AUS;1998;121617;36234;0.297935322;152.2101781;35940.01714;18587027;5.400000095;334684106.5
Australia;AUS;1999;121706;36561;0.300404253;149.4477627;37334.47523;18788187;5.099999905;344063336.2
Australia;AUS;2000;122290;37009;0.302633085;147.1855742;38343.00215;18991434;4.900000095;350194581.8
Australia;AUS;2001;122934;37485;0.304919713;144.730008;38559.90419;19194676;4.5;357668742.8
Australia;AUS;2002;124778;38098;0.305326259;142.9694435;39616.3361;19401366;4.300000191;362209093.8
Australia;AUS;2003;124653;37909;0.304116227;138.464823;40298.88605;19624163;4.5;369725835.4
Australia;AUS;2004;124483;39058;0.313761718;138.7417734;41449.84195;19879654;4.300000191;383204944.7
Australia;AUS;2005;124441;39704;0.319058831;137.1553159;42217.13635;20178543;4.199999809;386515211.6
Australia;AUS;2006;126024;40546;0.321732368;135.983294;42761.40561;20526300;4.099999905;392681873.2
Australia;AUS;2007;129287;41904;0.324116114;136.6952402;44128.72709;20916339;4.099999905;400415729.4
Australia;AUS;2008;131715;43049;0.326834453;136.8412083;44835.36141;21332293;4.199999809;405048537.2
Australia;AUS;2009;132087;43523;0.329502525;134.9565493;44771.48421;21750852;4.099999905;408672631.7
Australia;AUS;2010;132798;44010;0.331405593;132.9678768;44991.78371;22154687;4;406752772.7
Austria;AUT;1990;80361;20644;0.25689078;175.3871373;37440.83712;7723954;6.300000191;62292228.93
Austria;AUT;1991;80474;20747;0.257809976;175.1203929;38344.65386;7772698;6.400000095;65899677.65
Austria;AUT;1992;80264;20787;0.258982857;174.1845298;38718.93305;7830938;6.099999905;60431459.18
Austria;AUT;1993;79716;20731;0.260060716;172.8109222;38603.25855;7892089;5.800000191;60787739.13
Austria;AUT;1994;78687;20543;0.26107235;169.8256831;39378.70612;7947215;5.900000095;61190346.75
Austria;AUT;1995;78819;20605;0.261421738;167.90036;40367.47105;7990113;5.599999905;64205950.22
Austria;AUT;1996;78598;20558;0.261558818;165.9651492;41260.1714;8017852;5.400000095;67673887.44
Austria;AUT;1997;77386;20411;0.263755718;162.9517103;42076.28765;8032873;5.699999809;67453011.31
Austria;AUT;1998;76787;20321;0.26464115;160.6270769;43535.42175;8041054;6.400000095;67054364.04
Austria;AUT;1999;76340;20222;0.264893896;157.8098752;44996.0546;8051116;6.599999905;65621004.96
Austria;AUT;2000;75674;20150;0.266273753;154.5275095;46403.2777;8069276;6.5;66261743.06
Austria;AUT;2001;74291;19938;0.268377058;150.934073;46811.74677;8097755;6.300000191;70390857.43
Austria;AUT;2002;74661;20079;0.268935589;149.7229652;47351.3347;8134403;4.800000191;72146538.21
Austria;AUT;2003;74693;20229;0.270828592;148.8002683;47564.8639;8175855;4.599999905;77764249.22
Austria;AUT;2004;73266;20105;0.27441105;145.4532193;48563.58866;8216809;4.599999905;78052545.98
Azerbaijan;AZE;1990;56504;6953;0.123053235;131.8235224;7758.154036;7242758;4.400000095;63052952.43
Azerbaijan;AZE;1991;58749;7121;0.121210574;132.2499349;7585.179517;7357945;5.199999809;60800253.65
Azerbaijan;AZE;1992;65131;7429;0.114062428;135.5359894;5782.650277;7471924;3.799999952;56175802.12
Azerbaijan;AZE;1993;66547;7553;0.11349873;136.3856346;4379.814078;7581754;1.100000024;48408341.95
Azerbaijan;AZE;1994;68671;7638;0.111225991;137.0446456;3469.770316;7683704;3.299999952;41946559.46
Azerbaijan;AZE;1995;64876;7457;0.114942352;133.4163879;3025.293877;7775418;3.299999952;33311115.77
Azerbaijan;AZE;1996;63092;7324;0.116084448;129.5874877;3033.830388;7855558;3.299999952;31241610.46
Azerbaijan;AZE;1997;61807;7217;0.116766709;126.2679824;3178.977396;7925668;3.400000095;29803859.9
Azerbaijan;AZE;1998;61487;7205;0.117179241;124.3205671;3463.84201;7989903;3.200000048;31665041.51
Belarus;BLR;1990;106207;19783;0.186268325;154.3540617;8895.476512;10151135;4.300000191;104134684
Belarus;BLR;1991;110531;20712;0.187386344;159.7755949;8784.420451;10160785;4.699999809;97040059.43
Belarus;BLR;1992;114424;21466;0.187600503;164.0181227;7924.014893;10154338;4.699999809;89990445.67
Belarus;BLR;1993;124609;23041;0.184906387;174.3638045;7305.342583;10135133;4.599999905;77615578.65
Belarus;BLR;1994;126430;22872;0.18090643;171.7378336;6458.186142;10108280;4.800000191;64372957.01
Belarus;BLR;1995;130568;23097;0.17689633;172.1169906;5805.266913;10077606;4.800000191;57947489.38
Belarus;BLR;1996;129627;22911;0.176745585;169.5433779;5987.785689;10044854;5.099999905;59202274.22
Belarus;BLR;1997;131962;23124;0.175232264;169.9675845;6698.744568;10009393;5.199999809;62545835.56
Belarus;BLR;1998;134549;23255;0.172836662;170.1286227;7296.054591;9969986;5.400000095;59407818.58
Belgium;BEL;1990;99749;30372;0.304484255;199.1076349;35506.23927;10006545;6;120484399.3
Belgium;BEL;1991;99087;30386;0.306659804;196.7617826;36022.98703;10039450;6.099999905;123544709.4
Belgium;BEL;1992;99610;30656;0.307760265;196.168377;36426.2881;10078098;5.900000095;122657810.6
Belgium;BEL;1993;100407;30786;0.306612089;194.8088154;35935.26184;10118684;5.599999905;121557284.5
Belgium;BEL;1994;99953;30662;0.306764179;191.8073526;36980.73316;10155909;5.5;124938189
Belgium;BEL;1995;100248;30665;0.305891389;189.1526117;37783.41856;10186304;6;126082964.2
Belgium;BEL;1996;99948;30236;0.302517309;184.0926658;38207.97913;10208265;6.300000191;129583624.6
Belgium;BEL;1997;99616;30104;0.30220045;181.0960693;39561.60724;10223785;6.400000095;124046824.6
Belgium;BEL;1998;99694;29951;0.300429314;178.1309001;40251.68981;10237298;6.699999809;130285112.6
Belgium;BEL;1999;99731;29781;0.29861327;174.8655666;41582.29254;10255161;6.800000191;124745701.4
Belgium;BEL;2000;99652;29465;0.295678963;170.3795331;43023.30716;10282046;7;126794789.3
Belgium;BEL;2001;98959;29228;0.295354642;166.7193322;43347.0502;10319026;6.199999809;126129005.9
Belgium;BEL;2002;99649;29290;0.2939317;164.8235306;43889.74859;10364879;7;126444626.4
Belgium;BEL;2003;99373;28978;0.291608385;160.9999756;44160.05668;10419029;7;127953184.7
Belgium;BEL;2004;97386;28815;0.295884419;157.742872;45539.58546;10480118;6.699999809;129040882.7
Belgium;BEL;2005;97319;28840;0.29634501;155.4118028;46341.28964;10546885;6.5;125638201.6
Belgium;BEL;2006;96192;28608;0.29740519;151.7740505;47211.66396;10619484;6.800000191;124030888.5
Belgium;BEL;2007;96783;28739;0.296942645;150.128182;48589.46005;10697576;6;120611401.8
Belgium;BEL;2008;97698;28473;0.291438924;146.3139733;48422.57823;10778764;5.5;120659010
Belgium;BEL;2009;98415;30055;0.305390438;151.4439232;47063.87906;10859934;5.699999809;107642367
Belgium;BEL;2010;98892;31062;0.314100231;153.3091473;47971.63031;10938735;6.300000191;113582031.4
Belgium;BEL;2011;99727;31686;0.317727396;153.5087957;48153.93909;11013860;5.199999809;104158641.9
Bulgaria;BGR;1990;111409;17101;0.153497473;142.058112;12070.77397;8841466;4.699999809;78672941.86
Bulgaria;BGR;1991;111578;16338;0.146426715;134.2984298;11161.35355;8767000;6;60058049.46
Bulgaria;BGR;1992;115090;15793;0.137223043;130.046751;10461.39562;8676379;7.099999905;56839995.02
Bulgaria;BGR;1993;119588;14764;0.123457203;122.9679161;10389.08504;8576042;7.5;57483412.74
Bulgaria;BGR;1994;124521;14494;0.116398037;120.6313377;10613.94211;8474822;6;55936140.24
Bulgaria;BGR;1995;126972;14179;0.11167029;117.1961552;10965.70807;8379305;6.400000095;57536986.81
Bulgaria;BGR;1996;129647;14043;0.1083172;115.2028642;11588.8398;8291969;7.599999905;57952542.89
Bulgaria;BGR;1997;133839;14245;0.10643385;116.5612975;10004.78104;8211804;7.400000095;55181619.81
Bulgaria;BGR;1998;130472;14094;0.108023177;114.7646772;10503.37004;8137669;7.199999809;52526259.83
Bulgaria;BGR;1999;126442;13925;0.110129546;112.768638;9687.746342;8067005;7.599999905;46096271.91
Bulgaria;BGR;2000;127086;14329;0.112750421;115.2547921;10201.27812;7997951;7.599999905;45213926.4
Bulgaria;BGR;2001;125850;14747;0.117179182;117.9681748;10803.61929;7930700;7.800000191;48923315.34
Bulgaria;BGR;2002;125110;15396;0.123059707;122.3821758;11697.95364;7866242;8.899999619;46166363.77
Bulgaria;BGR;2003;124347;16310;0.131165207;128.5128618;12398.43536;7804306;10;50414461.15
Bulgaria;BGR;2004;124457;17868;0.143567658;139.6440901;13297.11352;7744630;9.399999619;49508639.44
Bulgaria;BGR;2007;126690;21077;0.166366722;161.2048455;16583.95878;7576675;8.100000381;55637034.18
Bulgaria;BGR;2008;124916;21568;0.172660028;164.1634254;17717.12183;7524084;8.800000191;53972792.56
Bulgaria;BGR;2009;123698;21896;0.177011754;165.7136344;17229.84948;7473509;8.300000191;45707145.13
Bulgaria;BGR;2010;123746;22215;0.179520954;166.8154931;17440.67188;7425011;6.599999905;47792803.35
Bulgaria;BGR;2011;123157;22455;0.182328248;167.5058174;17966.15806;7378652;5.699999809;53116467.41
Bulgaria;BGR;2012;121486;22437;0.184687948;166.3462984;18134.96084;7334007;5.800000191;48269491.35
Bulgaria;BGR;2013;119568;22346;0.186889469;164.9824285;18296.14689;7290092;6;42586002.72
Bulgaria;BGR;2014;122981;22915;0.186329596;168.9209584;18747.37005;7245648;5.900000095;45142469.21
Canada;CAN;1990;183891;53929;0.29326612;167.5779388;21448.38;27541323;7;463879790.7
Canada;CAN;1991;186376;55028;0.295252608;166.5460944;21768.34;27888813;6.300000191;454627504.2
Canada;CAN;1992;189192;56088;0.296460738;165.464312;20879;28224410;6.400000095;468864767.5
Canada;CAN;1993;194059;57495;0.296275875;165.4116071;20121;28547964;6;467879575.2
Canada;CAN;1994;196911;58360;0.296377551;164.0153677;19935;28860734;6.599999905;483058456.9
Canada;CAN;1995;200397;59509;0.296955543;163.2627295;20613.79;29164153;5.900000095;495664515.6
Canada;CAN;1996;202136;60279;0.298210116;161.3565735;21227.35;29457820;6.199999809;510556786.4
Canada;CAN;1997;203654;61052;0.299782965;159.4290659;34034.45518;29742378;5.800000191;525253071.6
Canada;CAN;1998;205896;62095;0.301584295;158.1413971;34697.09058;30022078;5.800000191;534236497.5
Canada;CAN;1999;206541;62822;0.30416237;156.1364528;35782.69026;30302511;5.699999809;550043150.2
Canada;CAN;2000;206499;63646;0.308214568;154.2559919;37194.3956;30588379;5.300000191;572530740
Canada;CAN;2001;207457;64211;0.309514743;151.6932731;37309.6498;30880072;5;564635320.1
Canada;CAN;2002;209789;65032;0.309987654;149.6236623;38169.10636;31178260;4.400000095;570885097.8
Canada;CAN;2003;211790;66785;0.315335946;149.5703087;39268.21243;31488046;4.199999809;587596290.5
Canada;CAN;2004;212408;68084;0.320534067;148.4713607;40426.23133;31815490;4;585832799.3
Canada;CAN;2005;214362;69538;0.324395182;147.4735926;42046.86958;32164313;3.700000048;576801628.7
Canada;CAN;2006;214744;70821;0.329792683;146.0960586;43358.18239;32536994;3.400000095;570487642.1
Canada;CAN;2007;218111;72965;0.3345315;146.1717235;45888.47633;32930795;3.200000048;594140241.8
Canada;CAN;2008;220343;74584;0.338490444;145.1375817;45851.63025;33337638;3;574805870.6
Canada;CAN;2009;220984;75628;0.342232922;143.0623921;44003.61704;33746093;3.099999905;540518686.7
Canada;CAN;2010;222369;76141;0.342408339;139.9623384;44861.52396;34147566;3.5;555459693.7
Croatia;HRV;1993;50664;11552;0.228012001;179.1628755;2813;4697537;6.800000191;17103715.58
Croatia;HRV;1994;49796;11486;0.230661097;176.2808925;3846;4657800;6.800000191;16361217.01
Croatia;HRV;1995;51212;11539;0.225318285;174.6770397;15002.64875;4616763;6.800000191;17040096.64
Croatia;HRV;1996;51323;11820;0.230306101;177.5810732;16108.026;4574888;8;17629209.16
Croatia;HRV;1997;52184;12103;0.231929327;180.2685291;17190.92107;4532405;6.699999809;18692941.57
Croatia;HRV;1998;51697;11965;0.231444765;176.8380825;17595.53011;4491906;7.199999809;19398242.43
Croatia;HRV;1999;51247;11791;0.230081761;172.7478667;17504.17545;4456446;7;20241737.06
Croatia;HRV;2000;49982;11266;0.225401144;163.0723653;18183.58811;4428075;6.400000095;19815735.27
Croatia;HRV;2001;49431;11150;0.225566952;159.8270463;19455.78157;4408073;6.300000191;20966698
Croatia;HRV;2002;49969;11461;0.229362205;162.3792896;20548.41066;4395802;5.5;22053970.71
Croatia;HRV;2003;50873;12149;0.238810371;169.9333568;21700.29874;4388909;5.400000095;23386284.52
Croatia;HRV;2004;49379;12124;0.245529476;167.7629978;22595.54833;4383877;4.900000095;23044755.76
Croatia;HRV;2005;50398;12627;0.250545657;172.7377615;23538.75443;4378066;5.400000095;23489533.94
Croatia;HRV;2006;49714;12603;0.253510078;170.4993103;24708.29929;4370782;5.900000095;23725639
Croatia;HRV;2007;50831;12975;0.255257618;173.2245943;25966.09694;4362427;6.5;25056225.05
Croatia;HRV;2008;51556;13740;0.266506323;181.1142525;26460.89598;4352639;6.099999905;23785297.02
Croatia;HRV;2009;50146;13729;0.273780561;178.3789367;24548.79184;4341261;4.300000191;21995506.09
Croatia;HRV;2010;50214;13838;0.275580515;177.2443687;24280.60269;4328163;4.900000095;21245083.26
Croatia;HRV;2011;49820;13947;0.279947812;176.4370812;24316.24798;4313098;5;20801673.51
Croatia;HRV;2012;49857;14144;0.283691357;176.3438838;23807.31559;4295869;5;19242973.03
Croatia;HRV;2013;48698;13916;0.285761222;171.0008587;23766.97604;4276593;4.699999809;18588178.03
Czechia;CZE;1993;113054;27175;0.240371858;198.1392235;20760.05425;10358694;5.300000191;137962666.6
Czechia;CZE;1994;112214;27466;0.244764468;198.5996876;21356.3128;10360964;6.699999809;131532508.7
Czechia;CZE;1995;113252;28140;0.248472433;201.0108917;22758.59681;10358190;6.800000191;131972060.9
Czechia;CZE;1996;109128;27674;0.253592112;195.2217421;23756.97839;10350302;7.400000095;134648713.8
Czechia;CZE;1997;109508;27994;0.255634292;195.0884347;23659.32079;10338346;7.900000095;130849714.1
Czechia;CZE;1998;105983;27337;0.257937594;188.0307975;23597.30618;10323244;6.099999905;125125662.6
Czechia;CZE;1999;105638;27241;0.257871221;184.7564021;23948.38503;10306404;6.900000095;116441581.7
Czechia;CZE;2000;106436;27253;0.256050584;182.3796007;24976.50632;10289374;6.199999809;126896914.3
Czechia;CZE;2001;105998;26126;0.246476349;172.7601524;25833.41467;10271019;5.400000095;126666372.5
Czechia;CZE;2002;105819;27633;0.261134579;180.3818408;26289.62614;10252264;6.199999809;123598029.5
Czechia;CZE;2003;108601;29092;0.26787967;187.2840598;27239.55944;10239131;7.5;127048374.1
Czechia;CZE;2004;105445;28922;0.274285172;183.2628961;28542.25482;10239444;7.599999905;127759325.4
Czechia;CZE;2005;105622;29301;0.277413796;182.2219058;30384.44665;10258165;7.599999905;125294530.7
Czechia;CZE;2006;102862;28996;0.281892244;176.7863181;32352.81297;10298609;6.400000095;126380290.9
Czechia;CZE;2007;102632;29302;0.285505495;175.0357459;33956.24598;10357535;6.699999809;128180733.9
Czechia;CZE;2008;103473;29797;0.287968842;174.4150211;34580.44335;10425267;6.300000191;122933867.9
Czechia;CZE;2009;103553;29883;0.288576864;171.3479602;32782.61235;10488155;6;115255283.6
Czechia;CZE;2010;104227;30170;0.289464342;169.5149767;33483.13759;10536514;5.5;117495552.1
Czechia;CZE;2011;105182;30026;0.285467095;165.34622;34002.18978;10566512;5.099999905;115023302.1
Czechia;CZE;2012;105698;29843;0.282342145;161.0283447;33688.09983;10581302;5.300000191;110914080.3
Czechia;CZE;2013;106111;29659;0.279509193;156.9208593;33661.46842;10586529;4.099999905;106401191.6
Czechia;CZE;2014;104955;29145;0.277690439;151.284744;34386.70491;10591104;4.400000095;104060306.6
Denmark;DNK;1990;56986;15158;0.265995157;189.6768664;39027.97874;5141117;5.699999809;53600874.68
Denmark;DNK;1991;56931;15218;0.267306037;189.0410218;39469.32281;5154906;5.699999809;64220944.47
Denmark;DNK;1992;57734;15459;0.267762497;190.7254307;40108.89195;5171654;5.699999809;58413375.2
Denmark;DNK;1993;58480;15761;0.269510944;193.2437878;39979.75738;5190745;5.599999905;60653414.6
Denmark;DNK;1994;59130;16219;0.274293929;197.7381743;41969.68871;5211334;5.5;64715175.9
Denmark;DNK;1995;59223;16475;0.27818584;199.8185593;43015.67751;5232709;5.5;61628495.15
Denmark;DNK;1996;58032;16484;0.284050179;198.7843619;44013.38559;5254857;5.400000095;74877499.12
Denmark;DNK;1997;56668;16415;0.289669655;196.657064;45260.13712;5277713;5.400000095;65469575.91
Denmark;DNK;1998;55235;16320;0.295464832;193.9198352;46096.36972;5300380;5.400000095;61229414.93
Denmark;DNK;1999;55609;16498;0.296678595;194.4170654;47298.53735;5321771;5.599999905;58649506.28
Denmark;DNK;2000;54566;16384;0.300260235;190.6981409;48907.0114;5341192;6.400000095;54307550.56
Denmark;DNK;2001;55294;16572;0.299707021;190.4409606;49133.2231;5358059;6.199999809;55880752.14
Denmark;DNK;2002;55590;16713;0.300647598;190.2017728;49204.89901;5372798;6.099999905;55551688.18
Denmark;DNK;2003;54807;16713;0.304942799;188.4240697;49262.64497;5386968;6.400000095;60635258.35
Denmark;DNK;2004;53801;16759;0.311499786;186.9733184;50446.5416;5402754;6.300000191;55110133.46
Denmark;DNK;2005;52851;16753;0.316985488;184.5834101;51483.27379;5421701;5.900000095;51532074.05
Denmark;DNK;2006;52864;16992;0.321428571;184.7226649;53322.289;5444293;6;59438879.3
Denmark;DNK;2007;52829;17172;0.325048742;184.2038155;53569.02802;5469920;5.599999905;54657107.28
Denmark;DNK;2008;52272;17285;0.330674166;182.6518055;52982.53174;5497731;5.5;51210598.01
Denmark;DNK;2009;52179;17514;0.335652274;182.1463179;50114.05005;5526389;5.5;48823493.8
Denmark;DNK;2010;51558;17632;0.341983785;180.4701792;50825.41229;5554849;5.400000095;49292274.56
Estonia;EST;1990;18422;3486;0.189230268;172.7618895;3584;1565246;4.300000191;37068977.48
Estonia;EST;1991;19020;3605;0.189537329;178.2155477;3434;1548220;4.699999809;34037705
Estonia;EST;1992;18789;3535;0.188141998;174.2360003;2849;1520811;4.800000191;24514590.79
Estonia;EST;1993;20026;3742;0.186857086;184.2898607;3500;1488060;4.900000095;19066027.57
Estonia;EST;1994;21123;3896;0.184443498;192.7299253;9000;1457090;5;19900974.39
Estonia;EST;1995;19949;3685;0.184721039;183.2137805;12738.03974;1433026;5;18203993.21
Estonia;EST;1996;17784;3314;0.186347278;164.6794746;13565.45742;1417741;5.300000191;18925430.33
Estonia;EST;1997;17688;3347;0.189224333;164.8922648;15511.24418;1409678;5.400000095;18482320.57
Estonia;EST;1998;18474;3525;0.190808704;171.8486762;16339.12305;1406350;5.400000095;16909588.86
Estonia;EST;1999;17702;3407;0.192464128;164.3970086;16225.35303;1403784;5.400000095;15727068.82
Estonia;EST;2000;17671;3439;0.194612642;164.2425026;17778.96558;1399111;4.800000191;15362207.36
Estonia;EST;2001;18211;3576;0.196364834;169.3549013;18962.47685;1391739;5.099999905;15707868.32
Estonia;EST;2002;17709;3549;0.200406573;166.2141235;20381.07158;1382737;5.5;15233321.73
Estonia;EST;2003;17370;3545;0.204087507;164.0370198;22061.27182;1372904;5.099999905;17087248.52
Estonia;EST;2004;17104;3589;0.209833957;164.2965819;23695.49293;1363570;5.400000095;17286590.62
Estonia;EST;2005;16852;3622;0.214929979;164.3955546;26093.15911;1355650;5.599999905;17136321.46
Estonia;EST;2006;16767;3711;0.221327608;166.8579542;28798.40262;1349373;5.199999809;16439189.16
Estonia;EST;2007;16946;3870;0.228372477;171.7862444;31121.11976;1344295;5.300000191;20071647.7
Estonia;EST;2008;16099;3795;0.235728927;165.9878689;29616.69051;1340067;5.099999905;17872650.45
Estonia;EST;2009;15710;3832;0.243921069;164.8766326;25390.75397;1336140;5.099999905;14609067.15
Estonia;EST;2010;14867;3695;0.248537028;156.5979593;26133.38181;1332103;4.800000191;19014857.92
Estonia;EST;2011;15155;3809;0.251336193;159.5693581;28159.58027;1327701;4.599999905;19097197.34
Estonia;EST;2012;15156;3806;0.251121668;157.2307866;29139.52702;1323163;4.699999809;17938059.04
Estonia;EST;2013;14843;3740;0.251970626;151.843304;29637.08738;1319068;4.5;19695596.98
Estonia;EST;2014;15114;3838;0.253936747;153.9457606;30602.59549;1316273;4.5;18903840.17
Finland;FIN;1990;47469;10337;0.217763172;145.9021743;32939.38329;4996220;5.300000191;56966986.68
Finland;FIN;1991;47312;10386;0.219521474;144.1292376;30831.60881;5019134;5.199999809;55225267.32
Finland;FIN;1992;47753;10537;0.220656294;143.9782234;29648.74394;5044928;5.199999809;54280474.65
Finland;FIN;1993;47778;10592;0.221691992;142.5473276;29310.30707;5071782;4.699999809;56348524.02
Finland;FIN;1994;46473;10445;0.224754158;138.630389;30340.82384;5097090;4.400000095;61711568.31
Finland;FIN;1995;46946;10591;0.225599625;138.1214372;31499.80578;5119012;4;58141560
Finland;FIN;1996;47122;10659;0.226200076;136.3651205;32548.01516;5136984;4.300000191;64058350.01
Finland;FIN;1997;47357;10749;0.22697806;135.4405705;34506.77188;5151740;4.199999809;62718271.1
Finland;FIN;1998;47211;10800;0.228760247;133.8482021;36293.39156;5164236;4.199999809;59375064.98
Finland;FIN;1999;47140;10813;0.229380569;131.9699712;37795.05776;5175921;4.300000191;58898261.66
Finland;FIN;2000;47226;10883;0.230445094;130.4109158;39894.19446;5187953;4;57041531.95
Finland;FIN;2001;46945;10975;0.233784216;128.7574333;40842.34177;5200475;4.199999809;62539274.13
Finland;FIN;2002;47150;11136;0.236182397;128.3600171;41439.01923;5213368;4.199999809;65061819.8
Finland;FIN;2003;46994;11285;0.240137039;127.6949717;42168.69347;5227106;4;72658369.77
Finland;FIN;2004;46675;11408;0.244413498;126.8528397;43724.96612;5242175;4;68961595.52
Finland;FIN;2005;46641;11534;0.247293154;125.4249031;44786.90966;5258933;4.099999905;57045015.54
Finland;FIN;2006;46707;11693;0.250347914;123.9225977;46412.20035;5277490;4;68379818.2
Finland;FIN;2007;47340;11909;0.25156316;123.6088569;48664.26571;5297741;3.900000095;66755662.84
Finland;FIN;2008;47609;12089;0.253922578;122.7407106;48817.98949;5319452;5.099999905;58608815.58
Finland;FIN;2009;48095;12340;0.256575528;122.5042664;44662.10014;5342266;2.900000095;55818226.93
France;FRA;1990;489393;147596;0.301589929;180.1585941;33732.01421;56666861;5.900000095;403101721.8
France;FRA;1991;488485;148992;0.305008342;179.6074899;33897.23144;56913580;6;428649453.8
France;FRA;1992;487959;150548;0.308525921;178.6579355;34268.54217;57147213;5.900000095;418445165.7
France;FRA;1993;491510;152384;0.310032349;177.9879851;33905.88226;57370375;5.699999809;398644805.8
France;FRA;1994;489508;152660;0.311864157;175.9233776;34576.54381;57587122;5.599999905;393394915.3
France;FRA;1995;493319;154276;0.312730708;175.6913493;35177.65894;57801887;5.400000095;400563852.3
France;FRA;1996;495880;155708;0.314003388;174.7208756;35548.62852;58012055;5.400000095;416189552.7
France;FRA;1997;491929;155859;0.316832307;172.0186211;36250.68896;58220657;5.199999809;409449878.4
France;FRA;1998;497354;158570;0.318827234;172.3208451;37413.43936;58444245;5.199999809;429788966.1
France;FRA;1999;498092;159827;0.320878472;170.9880421;38494.94682;58704381;5.199999809;425674650.1
France;FRA;2000;493705;160035;0.324151062;168.6992485;39732.28245;59015092;5.099999905;420652709.4
France;FRA;2001;493961;161674;0.327301143;167.689331;40226.62707;59384126;5.199999809;425882460.6
France;FRA;2002;497471;164176;0.330021247;167.0452002;40388.62565;59803434;4.900000095;420919498.2
France;FRA;2003;500026;165898;0.331778748;165.5194454;40433.49004;60251591;4.300000191;428002759.9
France;FRA;2004;482960;163565;0.33867194;160.0572189;41272.63238;60697977;3.5;428927747.1
France;FRA;2005;483964;165087;0.341114215;158.3754801;41643.98889;61120128;3.5;432639271.3
France;FRA;2006;483039;166220;0.344113001;156.1406481;42367.56986;61508924;3.5;422101255.2
France;FRA;2007;485027;168468;0.347337365;154.6480251;43127.21286;61869229;3.5;412898356.6
France;FRA;2008;492421;172168;0.349635779;154.3877039;42996.20978;62209207;3.400000095;406790823
France;FRA;2009;498364;175675;0.352503391;154.2328822;41546.49058;62542883;3.5;386942089.4
France;FRA;2010;500464;177632;0.354934621;152.8587357;42147.67168;62879535;3.5;397900468.6
Georgia;GEO;1990;58435;8161;0.139659451;133.0704657;11135.46289;5410400;6.099999905;17153177.81
Georgia;GEO;1991;59116;8108;0.13715407;131.4663089;8724.290499;5372996;6.300000191;16538977.75
Georgia;GEO;1992;60321;7864;0.130369191;127.4911102;4769.996524;5303925;4.099999905;15276955.81
Georgia;GEO;1993;59460;7335;0.123360242;119.3081547;3346.568025;5208954;5.599999905;9916290.59
Georgia;GEO;1994;57049;7024;0.123122228;114.8472102;3045.042484;5097126;6.199999809;6069035.33
Georgia;GEO;1995;52087;6384;0.122564171;104.5029465;3243.846213;4976252;6.400000095;2291405.2
Georgia;GEO;1996;49175;6046;0.122948653;98.51364793;3740.485453;4846627;6.599999905;4055119.19
Georgia;GEO;1997;50433;6116;0.121269804;99.32193397;4268.695273;4709596;6.699999809;4425143.65
Georgia;GEO;1998;52345;6194;0.118330309;100.2704533;4511.488803;4575396;6.900000095;4938636.22
Georgia;GEO;1999;53594;6276;0.117102661;101.60967;4737.405516;4456652;7;4309734.12
Germany;DEU;1991;881534;203710;0.231085812;161.2331419;38237.73406;79490831;6.599999905;1014972286
Germany;DEU;1992;866879;203503;0.234753639;159.8574986;38677.8681;79963166;6.099999905;966705828.7
Germany;DEU;1993;866260;206180;0.238011682;160.5416798;38049.08807;80428557;5.900000095;956994179.8
Germany;DEU;1994;864587;209315;0.24209825;160.2663813;38824.28277;80832928;6;940407989.4
Germany;DEU;1995;864521;213267;0.24668805;160.564811;39308.08842;81138653;6;940086746
Germany;DEU;1996;858772;216937;0.252613033;161.3648312;39510.30388;81323666;6;960174299.5
Germany;DEU;1997;844358;219700;0.260197689;161.6897683;40159.59024;81399250;6.099999905;932347358.9
Germany;DEU;1998;833801;224417;0.269149353;162.9246671;40962.17376;81402671;6.099999905;924404529.9
Germany;DEU;1999;832566;232455;0.27920309;165.1621022;41708.27027;81389935;6.400000095;896882683.4
Germany;DEU;2000;829943;243529;0.293428585;169.2339854;42864.93289;81400883;6.099999905;900960091.2
Germany;DEU;2001;824876;249281;0.30220421;170.3414979;43512.43267;81453894;6.199999809;917476828.5
Germany;DEU;2002;831369;255686;0.307548153;172.3017759;43353.33889;81535124;6.300000191;900955099.1
Germany;DEU;2003;832596;259062;0.311149705;172.1018949;43025.98773;81614371;5.900000095;901969864.6
Germany;DEU;2004;819755;259846;0.316980073;168.7008436;43541.03262;81646474;5.199999809;887996509.2
Germany;DEU;2005;819605;261980;0.319641779;166.4603213;43884.53528;81602739;5;867223505.9
Germany;DEU;2006;815391;262584;0.32203446;164.0165964;45610.78189;81472235;4.5;878747131.4
Germany;DEU;2007;815889;263688;0.323191022;162.2694511;47031.21379;81277836;4.400000095;852096162.2
Germany;DEU;2008;819692;264802;0.323050609;160.532487;47573.02736;81065751;4.199999809;854420962.4
Germany;DEU;2009;826113;264542;0.320224957;157.3370053;44978.11987;80899961;4.300000191;789963521.6
Germany;DEU;2010;826976;258984;0.313169911;151.9599557;46929.99341;80827001;4.199999809;833684918
Germany;DEU;2011;824604;254502;0.308635418;148.0425813;49684.61307;80855629;4.400000095;810802325.3
Germany;DEU;2012;834872;253690;0.30386694;145.55723;49798.96767;80972629;4.199999809;815197408.6
Germany;DEU;2013;851607;255452;0.299964655;144.5255807;49880.57352;81174373;4.099999905;832642995.5
Germany;DEU;2014;855354;254813;0.297903558;141.5278351;50770.61349;81450370;4.099999905;793635843.4
Germany;DEU;2015;886923;260050;0.293204709;142.2164769;51083.92166;81787411;4.199999809;797078165.2
Greece;GRC;1990;90340;23726;0.262630064;158.9349483;24306.5524;10225990;8.300000191;83375363.77
Greece;GRC;1991;92003;24536;0.266686956;161.0445357;24761.04476;10315109;8.100000381;83350936.29
Greece;GRC;1992;93946;25363;0.269974241;163.4819801;24744.62833;10420226;7.099999905;84915798.12
Greece;GRC;1993;94229;25785;0.273641872;163.2701671;24205.90049;10533811;6.800000191;84229453.79
Greece;GRC;1994;95472;26304;0.275515334;163.6804401;24566.70379;10644939;9.399999619;86391992.45
Greece;GRC;1995;96923;26840;0.276920855;164.2470476;24965.62407;10745502;8.899999619;86945641.44
Greece;GRC;1996;97820;27285;0.278930689;164.14271;25567.25646;10832139;9.199999809;89098551.49
Greece;GRC;1997;98077;27625;0.281666446;163.4192152;26582.29752;10906248;9.5;93804204.26
Greece;GRC;1998;99745;28280;0.283522984;164.5722666;27465.01574;10970121;8.899999619;98624771.25
Greece;GRC;1999;101138;28971;0.286450197;165.9388164;28200.55616;11027899;9.699999809;97941650.36
Greece;GRC;2000;101466;29421;0.289959198;165.8138158;29186.32455;11082103;9.899999619;102982297.8
Greece;GRC;2001;101501;29783;0.293425681;164.9725163;30234.59596;11134447;10.30000019;105368972.3
Greece;GRC;2002;101627;30000;0.295197142;163.6600892;31305.69367;11182308;9.800000191;105011397.7
Greece;GRC;2003;101974;30307;0.297203209;162.804003;33040.7683;11218879;10.10000038;109083182.1
Greece;GRC;2004;101621;30556;0.300685882;161.3784525;34627.18067;11234993;10.69999981;109530021
Greece;GRC;2005;101281;30654;0.302662888;158.7210029;34732.64407;11224800;10.39999962;113925112.1
Greece;GRC;2006;101562;30777;0.303036569;155.7253904;36585.83956;11185231;10.10000038;112464909.9
Greece;GRC;2007;104500;31382;0.30030622;155.4125601;37687.43334;11120371;10.60000038;114582632.9
Greece;GRC;2008;104066;31598;0.303634232;153.1414112;37461.53877;11040312;9.100000381;111112528.2
Greece;GRC;2009;104540;31443;0.300774823;149.437724;35756.24552;10959268;10.39999962;104340534
Greece;GRC;2010;104886;31350;0.298895944;146.1073184;33753.61775;10887640;7.599999905;97342975.8
Greece;GRC;2011;107650;31956;0.296850906;145.8941124;30372.76057;10829074;8.300000191;94531703.27
Greece;GRC;2012;110439;32636;0.295511549;146.4587583;28374.67695;10781119;7;91417801.13
Hungary;HUN;1990;141697;31280;0.220752733;219.4768795;4525;10377135;9.399999619;73455459.18
Hungary;HUN;1991;141733;31433;0.221776157;219.4296036;16424.90912;10363050;8.699999809;69777271.55
Hungary;HUN;1992;147192;32909;0.223578727;228.838309;15927.85268;10358622;8.5;62408845.03
Hungary;HUN;1993;148764;33455;0.224886397;231.6227693;15854.16005;10359052;9;63539702.92
Hungary;HUN;1994;146241;33370;0.228184982;229.8780606;16343.76319;10357586;9.300000191;61882727.41
Hungary;HUN;1995;145265;33647;0.231624961;229.9271676;16610.3165;10349308;9;61612876.49
Hungary;HUN;1996;139182;32860;0.236093748;222.4927914;16652.58523;10332451;6.900000095;63176983.12
Hungary;HUN;1997;138557;33325;0.240514734;223.8855984;17210.63493;10308479;7.199999809;61755899.9
Hungary;HUN;1998;140587;34412;0.244773699;229.411772;17923.50523;10279610;7.199999809;61348289.98
Hungary;HUN;1999;140889;35153;0.249508478;232.5095028;18526.34502;10249407;7.5;61828203.67
Hungary;HUN;2000;134660;34527;0.256401307;226.0252609;19406.52134;10220509;7;58551660.59
Hungary;HUN;2001;131491;34712;0.263987649;224.2483101;20243.54225;10193451;6.800000191;60171658.83
Hungary;HUN;2002;132022;35369;0.267902319;226.0423115;21263.80884;10167286;6.5;59162844.39
Hungary;HUN;2003;133360;36101;0.270703359;228.205124;22195.81946;10141341;6.400000095;61936782.98
Hungary;HUN;2004;131858;35952;0.272656949;224.7963446;23317.86912;10114481;5.300000191;60406241.13
Hungary;HUN;2005;134153;36538;0.272360663;225.9547664;24355.78192;10085942;5.199999809;60499964.51
Hungary;HUN;2006;131716;36166;0.274575602;221.085164;25377.05222;10055657;6.800000191;59839431.29
Hungary;HUN;2007;133010;36688;0.275828885;222.0017152;25477.94929;10024158;6.599999905;58522308.45
Hungary;HUN;2008;129587;36025;0.277998565;215.4781971;25792.70252;9991867;6.5;57438167.2
Hungary;HUN;2009;130291;36192;0.277778204;213.9359273;24102.01369;9959439;6.199999809;51781050.5
Hungary;HUN;2010;128960;35779;0.277442618;208.8021942;24427.62873;9927380;6.099999905;52120536.86
Hungary;HUN;2011;128080;35470;0.27693629;204.4614845;24971.47736;9895689;5.900000095;50358001.09
Hungary;HUN;2012;127159;34861;0.274152832;198.85986;24754.22591;9864363;3.299999952;46808494.95
Iceland;ISL;1990;1657;439;0.264936632;152.8212703;25384;255044;5.900000095;2237420.56
Iceland;ISL;1991;1675;448;0.267462687;153.2447103;26802;257616;5.900000095;2117704.28
Iceland;ISL;1992;1691;456;0.269662921;153.0136133;27124;260154;5.599999905;2263016.39
Iceland;ISL;1993;1698;463;0.272673734;152.4769442;23579;262650;5.300000191;2421023.49
Iceland;ISL;1994;1725;473;0.274202899;152.8796258;24018;265140;5.199999809;2361911.91
Iceland;ISL;1995;1815;486;0.267768595;154.7780983;33666.21153;267627;5;2465117.75
Iceland;ISL;1996;1755;496;0.282621083;155.0935567;35014.23134;270144;5;2520135.12
Iceland;ISL;1997;1752;502;0.28652968;153.921618;36732.93556;272709;4.800000191;2615622.63
Iceland;ISL;1998;1739;506;0.290971823;152.258697;39017.43768;275294;4.599999905;2635456.44
Iceland;ISL;1999;1713;503;0.293636894;148.3062327;40103.86599;277868;4.699999809;2841273.75
Iceland;ISL;2000;1681;502;0.298631767;144.9995334;41530.51732;280439;4.5;2933983.78
Iceland;ISL;2001;1687;511;0.302904564;143.8740848;42626.92307;282910;4.300000191;2862684.17
Iceland;ISL;2002;1705;523;0.306744868;143.6244399;42484.51611;285329;4.199999809;2987901.53
Iceland;ISL;2003;1697;527;0.310548026;141.1731849;43095.35686;287955;3.900000095;2979691.74
Iceland;ISL;2004;1703;534;0.313564298;139.3730792;46051.74389;291102;3.799999952;3101239.5
Iceland;ISL;2005;1718;546;0.317811409;139.0323468;48104.65181;294976;3.700000048;2968905.33
Iceland;ISL;2006;1751;561;0.32038835;139.0131362;49956.84865;299727;3.599999905;3147041.63
Iceland;ISL;2007;1770;573;0.323728814;138.2079355;52827.01012;305181;3.599999905;3493947.41
Iceland;ISL;2008;1770;578;0.326553672;135.8786361;52999.43754;310855;3.5;3794949.86
Iceland;ISL;2009;1788;588;0.32885906;134.8212473;48770.95034;316057;3.299999952;3731083.46
Iceland;ISL;2010;1792;594;0.331473214;133.222677;47457.62292;320342;2.900000095;3620931.2
Iceland;ISL;2011;1809;600;0.331674959;131.3213036;48186.16729;323471;2.799999952;3486406.56
Iceland;ISL;2012;1837;609;0.331518781;130.3783323;48440.25508;325642;2.700000048;3488686.34
Iceland;ISL;2013;1846;611;0.330985915;127.4597633;50168.68853;327194;2.299999952;3481781.92
Iceland;ISL;2014;1807;594;0.328721638;121.0453495;50450.74161;328592;2.299999952;3461844.02
Iceland;ISL;2015;1845;605;0.327913279;119.9829309;52142.93281;330237;2.200000048;3536411.99
Ireland;IRL;1990;29601;7338;0.247897031;180.8026529;26793.49228;3510881;6.300000191;32877935.7
Ireland;IRL;1991;29522;7388;0.250254048;179.5658988;27153.945;3517704;6.699999809;33606745.97
Ireland;IRL;1992;29603;7467;0.252237949;179.1426651;27870.97427;3529847;6.400000095;33417982.65
Ireland;IRL;1993;29914;7539;0.252022464;178.826988;28478.72593;3546929;6;33649184.97
Ireland;IRL;1994;29712;7488;0.252019386;175.7071081;29999.42489;3567918;6.199999809;34772191.86
Ireland;IRL;1995;30246;7602;0.25133902;176.0765672;32721.50384;3592180;6.5;35794378.76
Ireland;IRL;1996;30140;7591;0.251857996;173.553753;34856.46939;3619633;6.099999905;37410959.7
Ireland;IRL;1997;30097;7647;0.25407848;172.5466268;38309.57756;3651096;6.199999809;38752357.22
Ireland;IRL;1998;30067;7725;0.256926198;172.0081249;41220.78455;3687821;6.199999809;40650102.4
Ireland;IRL;1999;30304;7869;0.259668691;172.856474;45040.99812;3731472;6.599999905;42377781.15
Ireland;IRL;2000;29731;7903;0.265816824;170.9685955;48628.45114;3783095;6.400000095;45193952.6
Ireland;IRL;2001;28750;7856;0.273252174;167.0479378;50401.8203;3842253;6.199999809;47557354.23
Ireland;IRL;2002;28210;7897;0.279936193;164.7508148;52483.48238;3907995;6.300000191;46034585.94
Ireland;IRL;2003;27630;7960;0.288092653;162.7691201;53184.88322;3980077;5.599999905;45639123.35
Ireland;IRL;2004;27298;8083;0.296102279;161.7212575;55763.26049;4058131;4.699999809;46129741.06
Ireland;IRL;2005;26935;8111;0.301132356;158.4160366;57691.56165;4141218;4.699999809;48104566.61
Ireland;IRL;2006;27026;8278;0.306297639;157.7319848;58960.21559;4230619;4.599999905;47550194.52
Ireland;IRL;2007;26819;8387;0.312726052;155.9245523;60326.65415;4324649;4.400000095;47622946.16
Ireland;IRL;2008;26866;8560;0.318618328;155.1325267;56485.69925;4415871;4;47300105.44
Ireland;IRL;2009;27046;8746;0.323374991;154.3487731;53077.387;4494572;3.799999952;42108507.15
Ireland;IRL;2010;26414;8711;0.329787234;149.4148463;53725.0336;4554330;3.400000095;41679517.5
Ireland;IRL;2011;27256;9017;0.33082624;150.3678152;53812.79473;4591115;3.5;38009303.68
Israel;ISR;1990;27777;7083;0.25499514;149.6288194;23543;4448348;6.400000095;35823058.99
Israel;ISR;1991;29308;7583;0.258734816;154.4350846;27024.51;4589305;6.099999905;36148642.25
Israel;ISR;1992;30839;8083;0.262103181;159.0131736;14407;4752826;6.199999809;42083020.26
Israel;ISR;1993;31100;8383;0.269549839;159.0834538;14107;4929413;6;44234274.63
Israel;ISR;1994;32024;8781;0.2742006;160.6727237;25055;5105571;6;47474499.67
Israel;ISR;1995;33059;9230;0.279197798;162.9533788;28338.15215;5271368;6.099999905;49865162.03
Israel;ISR;1996;33602;9528;0.28355455;163.2534279;28986.204;5424241;6;51935752
Israel;ISR;1997;33959;9795;0.288436055;163.1655494;29366.77208;5566551;5.599999905;54863876.45
Israel;ISR;1998;34573;10099;0.292106557;163.3946707;29845.89164;5699279;5;56009298.46
Israel;ISR;1999;34807;10275;0.295199242;161.4960568;29994.60008;5824944;5.199999809;54754513.71
Israel;ISR;2000;35221;10437;0.296328895;158.8665811;31416.93851;5945949;5;59519380.4
Israel;ISR;2001;35610;10531;0.295731536;155.8925071;30715.58046;6060679;5.199999809;63022354.14
Israel;ISR;2002;36970;10730;0.290235326;154.3844809;30117.88148;6169311;5;59299733.73
Israel;ISR;2003;36358;10875;0.299108862;152.0121647;29911.38638;6278374;4.800000191;62414677.8
Israel;ISR;2004;36077;10900;0.302131552;147.9335875;30621.96294;6396511;4.599999905;58679118.7
Israel;ISR;2005;36215;11078;0.305895347;145.6742835;31239.00686;6529470;4.400000095;56524006.09
Israel;ISR;2006;36678;11273;0.307350455;143.5596349;32408.39179;6680641;4.300000191;62149082.51
Israel;ISR;2007;36834;11578;0.314329152;142.8507383;33666.14333;6847148;4.300000191;62799906.46
Israel;ISR;2008;37012;11656;0.314924889;139.5336488;34065.41255;7020832;4.300000191;67980275.98
Israel;ISR;2009;36859;11751;0.318809517;136.4821878;33568.59366;7190037;4.199999809;63860946.43
Israel;ISR;2010;36747;12037;0.327564155;135.0931427;34800.24747;7346446;4.099999905;68286901.35
Israel;ISR;2011;37782;12314;0.325922397;133.6808804;35743.53861;7487095;4.099999905;68594737.31
Israel;ISR;2012;38230;12499;0.326942192;131.4172708;35942.71484;7614946;3.900000095;74784472.67
Israel;ISR;2013;38672;12688;0.328092677;129.4176956;36759.84145;7734834;3.5;65997069.72
Israel;ISR;2014;40960;12855;0.313842773;127.1765506;37474.84918;7854216;3.299999952;63550652.02
Italy;ITA;1990;529150;150468;0.284357933;171.8422524;36585.6799;57048237;5.199999809;439944101.6
Italy;ITA;1991;537136;153729;0.28620126;172.108671;37122.82193;57088125;5.099999905;440094422.4
Italy;ITA;1992;535306;155014;0.289580165;170.6315174;37407.11132;57145308;5;439210414.2
Italy;ITA;1993;536737;156976;0.292463534;169.8593728;37065.43412;57197610;5;431600973.5
Italy;ITA;1994;540256;159152;0.29458627;169.3111071;37855.00774;57213538;5.099999905;425490635.3
Italy;ITA;1995;541602;160486;0.296317222;167.638723;38947.20131;57174412;5.099999905;451978906.6
Italy;ITA;1996;544087;162212;0.298136144;166.0529817;39429.49556;57065231;5;444561573.8
Italy;ITA;1997;545667;163875;0.300320525;164.9612443;40129.90188;56903633;5;449465620.7
Italy;ITA;1998;552276;166834;0.302084465;165.1856801;40844.74561;56742755;5.099999905;460240327.6
Italy;ITA;1999;548940;167759;0.305605348;163.3572903;41501.78837;56655629;5.400000095;464601452.9
Italy;ITA;2000;544548;168116;0.308725769;160.839518;43053.93306;56692178;5.599999905;470767746.9
Italy;ITA;2001;544487;169591;0.311469328;158.9689356;43869.42794;56875148;5.699999809;476201869.1
Italy;ITA;2002;548384;170780;0.311424112;157.1861964;43915.38534;57182521;5.800000191;477709338.5
Italy;ITA;2003;555480;172929;0.311314539;156.4426011;43781.21998;57564589;5.599999905;491480723.9
Italy;ITA;2004;540323;170704;0.315929546;151.7589345;44118.03664;57948421;5.400000095;495527786
Italy;ITA;2005;542450;171231;0.315662273;149.2054609;44260.82742;58281209;5;495234014.9
Italy;ITA;2006;545214;172461;0.316317996;146.8583926;44918.17035;58542619;5.099999905;489749969.4
Italy;ITA;2007;551697;174694;0.31664845;145.4075791;45356.53672;58747862;5;480491585.7
Italy;ITA;2008;558180;177251;0.317551686;144.265699;44623.60202;58922116;5;468062059.9
Italy;ITA;2009;562648;179228;0.318543743;142.8351173;42074.92125;59105622;4.800000191;415932393.3
Italy;ITA;2010;560902;179568;0.320141486;140.2930349;42664.35527;59325232;4.699999809;424873161.2
Japan;JPN;1990;807559;242827;0.300692581;146.9819148;32168.76411;124505243;8.800000191;1155263415
Japan;JPN;1991;824802;250951;0.304256052;146.9693063;33137.70311;124929764;8.899999619;1167040517
Japan;JPN;1992;846809;260596;0.307738817;147.5108127;33294.91604;125331300;8.800000191;1176942570
Japan;JPN;1993;864505;268657;0.310763963;147.2158401;33015.27657;125707407;8.800000191;1170196733
Japan;JPN;1994;871018;274431;0.315069264;145.8164512;33250.17851;126053127;8.800000191;1225173421
Japan;JPN;1995;899522;286045;0.317996669;147.1065857;34081.89842;126365486;8.800000191;1237852824
Japan;JPN;1996;892671;291298;0.326321792;145.07119;35058.80366;126644099;9.100000381;1249875688
Japan;JPN;1997;903186;297977;0.329917647;143.4335925;35351.71884;126892745;8.5;1243367132
Japan;JPN;1998;932157;309916;0.33247189;144.3772656;34857.95837;127117436;8.699999809;1203710533
Japan;JPN;1999;956957;319388;0.333753763;144.1996155;34706.70465;127326063;8.5;1239840120
Japan;JPN;2000;957156;322782;0.337230295;141.0808822;35611.80391;127524168;8.300000191;1262734462
Japan;JPN;2001;963477;326594;0.338974361;138.1922178;35670.45493;127713824;8.100000381;1248087424
Japan;JPN;2002;978259;332265;0.339649316;135.7978612;35629.59859;127893075;7.900000095;1277236546
Japan;JPN;2003;1004905;341661;0.339993333;135.1030844;36096.77438;128058368;7.599999905;1285385412
Japan;JPN;2004;1027241;349905;0.340626007;134.1296166;36880.1788;128204183;7.400000095;1280036122
Japan;JPN;2005;1063783;360992;0.339347404;134.064886;37489.85337;128326115;7.199999809;1286856314
Japan;JPN;2006;1079326;365726;0.338846651;131.8362944;37998.12334;128422740;6.800000191;1262639452
Japan;JPN;2007;1101589;372831;0.338448369;130.1995209;38582.32219;128494050;6.5;1300051973
Japan;JPN;2008;1124395;379320;0.337354755;128.5560963;38141.93397;128538644;6.199999809;1229245450
Japan;JPN;2009;1142028;384511;0.336691395;126.8114875;36080.51723;128555196;5.900000095;1160203633
Japan;JPN;2010;1176098;394137;0.335122583;126.4709175;37586.16715;128542349;5.300000191;1211572868
Japan;JPN;2011;1229287;404601;0.329134694;126.4505584;37612.38831;128498966;4.900000095;1261398590
Japan;JPN;2012;1228031;409993;0.333862093;124.4432201;38235.74504;128423571;4.900000095;1302082927
Japan;JPN;2013;1241583;414556;0.333893103;122.4851014;39056.86981;128314189;4.900000095;1314069572
Japan;JPN;2014;1250427;417643;0.334000305;120.3996622;39255.27845;128168630;4.5;1264173252
Japan;JPN;2015;1264006;420328;0.332536396;118.1714665;39777.53102;127985139;4.599999905;1223666475
Kazakhstan;KAZ;1990;126225;22895;0.181382452;178.1269128;13475.6399;16383881;3.900000095;266516854.4
Kazakhstan;KAZ;1991;131015;22916;0.17491127;177.3344471;11917.71405;16373308;3.599999905;257097203.1
Kazakhstan;KAZ;1992;138039;23235;0.168321996;179.3386251;11294.73658;16302809;3.599999905;232939189.3
Kazakhstan;KAZ;1993;148681;24134;0.162320673;185.7182468;10292.19832;16181161;4.699999809;205244532.3
Kazakhstan;KAZ;1994;156441;24450;0.156288952;188.3945665;9126.25583;16022224;4.900000095;171065998.9
Kazakhstan;KAZ;1995;162841;24581;0.150950928;189.8560231;8552.451997;15839357;5.099999905;162683135.1
Kazakhstan;KAZ;1996;162332;23903;0.147247616;185.1525059;8726.538477;15631926;3.799999952;149002665.6
Kazakhstan;KAZ;1997;158438;22943;0.144807433;178.1080566;9016.003247;15406005;3.900000095;140769296.7
Kazakhstan;KAZ;1998;153781;21994;0.14302157;170.6847425;8998.901209;15190168;4.400000095;135093762.4
Kazakhstan;KAZ;1999;150646;21251;0.14106581;164.6851042;9330.564789;15020573;4.400000095;107323002.3
Kazakhstan;KAZ;2000;152182;20999;0.137986096;162.1088563;10275.76187;14922724;4.400000095;133538744
Kyrgyzstan;KGZ;1992;35122;4168;0.118672057;130.7469644;3978.909914;4454192;5;11166355.81
Kyrgyzstan;KGZ;1993;37022;4270;0.115336827;132.7962052;3362.829;4483844;5.800000191;8585856.98
Kyrgyzstan;KGZ;1994;39217;4372;0.111482265;135.2883147;2688.351778;4518808;4;6204460.34
Kyrgyzstan;KGZ;1995;39117;4259;0.108878493;131.1254222;2517.28445;4566096;3.900000095;4511047.89
Kyrgyzstan;KGZ;1996;37694;4005;0.106250332;122.2934446;2656.01772;4629403;3.900000095;5664198.74
Kyrgyzstan;KGZ;1997;37061;3830;0.103343137;116.0080689;2877.098569;4705651;3.799999952;5573045.63
Kyrgyzstan;KGZ;1998;36789;3704;0.100682269;111.2480129;2893.417535;4786772;3.799999952;5913136.99
Latvia;LVA;1990;32117;5626;0.175172027;159.8358365;2802;2664447;4.199999809;19805894.32
Latvia;LVA;1991;32456;5635;0.17361967;159.6582095;2556;2649161;4.400000095;18038633.66
Latvia;LVA;1992;33528;5738;0.171140539;162.0484835;633;2620254;4.400000095;14267237.24
Latvia;LVA;1993;37317;6285;0.168421899;177.260156;1022;2582658;4.5;11987761.82
Latvia;LVA;1994;40030;6711;0.167649263;189.6761296;1725;2543632;4.800000191;10420264.02
Latvia;LVA;1995;37479;6298;0.168040769;178.6674849;9506.29731;2508476;5.199999809;9167583.93
Latvia;LVA;1996;32582;5532;0.169786999;156.7809934;9861.003287;2478832;5.400000095;9243541.57
Latvia;LVA;1997;31510;5419;0.17197715;152.7970003;10842.58079;2453310;3.400000095;8706818.52
Latvia;LVA;1998;32662;5709;0.174790276;160.2507683;11639.31996;2430546;3.400000095;8328911.44
Latvia;LVA;1999;31245;5537;0.177212354;154.7406204;12056.09251;2408088;3.400000095;7737970.81
Latvia;LVA;2000;30454;5481;0.179976358;152.4234848;12863.30935;2384150;3.5;7099045.69
Latvia;LVA;2001;31765;5773;0.18174091;159.9936514;13854.40956;2358689;4.099999905;7516325.91
Latvia;LVA;2002;31280;5771;0.184494885;159.1560192;15009.05998;2332528;3.700000048;7542934.27
Latvia;LVA;2003;31043;5780;0.186193345;158.3293541;16433.03952;2305845;3.799999952;7740669.66
Latvia;LVA;2004;30735;5832;0.189751098;158.8382583;18025.7035;2278922;5.300000191;7750956.32
Latvia;LVA;2005;31682;6109;0.192822423;165.7316481;20175.8162;2251996;6;7835154.95
Latvia;LVA;2006;33055;6447;0.195038572;174.7251327;22802.36632;2225063;6.900000095;8333306.34
Latvia;LVA;2007;32307;6456;0.199832854;174.6828826;25294.38873;2198089;4.800000191;8655065.49
Latvia;LVA;2008;30368;6207;0.204392782;167.0637721;24711.10745;2171248;5.699999809;8218723.54
Latvia;LVA;2009;29231;6102;0.208750984;163.3790167;21540.08556;2144784;3.400000095;7480704.55
Latvia;LVA;2010;28931;6111;0.211226712;162.5413593;21023.90133;2118855;2.700000048;8646955.88
Latvia;LVA;2011;28331;6063;0.214005859;160.3652705;22795.19771;2093606;3;7882679.59
Latvia;LVA;2012;28086;5998;0.213558356;157.6128433;24060.98577;2069018;2.900000095;7583855.02
Latvia;LVA;2013;28530;6092;0.213529618;159.6055618;24881.90877;2044950;3;7423592.75
Latvia;LVA;2014;27860;5966;0.214142139;155.7684569;25387.00765;2021220;2.799999952;7238753.42
Lithuania;LTU;1990;37364;7018;0.187827856;157.5564733;8591;3696035;4.199999809;35787206.01
Lithuania;LTU;1991;39302;7355;0.187140604;163.4988226;2776;3697451;4.699999809;37883283.4
Lithuania;LTU;1992;39276;7289;0.185584072;160.6730956;2318;3688103;4.699999809;21187061.98
Lithuania;LTU;1993;43269;7953;0.183803647;173.8285832;2022;3670653;4.699999809;16332141.32
Lithuania;LTU;1994;44651;8160;0.182750666;177.2799638;8862;3649142;4.699999809;15748218.61
Lithuania;LTU;1995;43681;8048;0.184244866;174.0860427;10640.36003;3626609;4.900000095;15004147.33
Lithuania;LTU;1996;41120;7681;0.186794747;164.8724207;11274.64011;3603756;5.099999905;15658819.88
Lithuania;LTU;1997;39251;7429;0.189269063;157.9491189;12302.1012;3579911;7;15070195.51
Lithuania;LTU;1998;39275;7596;0.193405474;159.6326596;13317.90773;3555140;7;15888040.21
Lithuania;LTU;1999;38418;7597;0.197745848;157.9155872;13259.61695;3529189;7;13407518.49
Lithuania;LTU;2000;37857;7634;0.201653591;157.1674842;13846.68329;3501842;5.300000191;11788024.43
Lithuania;LTU;2001;39739;7991;0.201087093;162.6928455;14872.37909;3473623;5.599999905;12496126.26
Lithuania;LTU;2002;39491;7965;0.201691525;160.3327572;16004.4389;3444777;4.699999809;12602371.8
Lithuania;LTU;2003;40047;8058;0.201213574;160.3887877;17839.78274;3414367;3.799999952;12591879.79
Lithuania;LTU;2004;40342;8077;0.200213177;159.2262847;19226.46927;3381134;3.099999905;13167324.7
Lithuania;LTU;2005;42878;8483;0.197840384;166.3278763;21053.1846;3344259;3.299999952;14089324.04
Lithuania;LTU;2006;44208;8640;0.195439739;168.6008056;22977.99665;3303329;5.699999809;14402957.44
Lithuania;LTU;2007;45530;9074;0.199297167;176.413733;25835.36802;3258984;6.300000191;15763269.16
Lithuania;LTU;2008;44154;8931;0.20226933;172.4757329;26784.88003;3212867;5.900000095;15079845.47
Lithuania;LTU;2009;40725;8383;0.205844076;160.0082229;23065.06196;3167270;5.099999905;12828004.95
Lithuania;LTU;2010;41025;8535;0.208043876;161.3160909;23942.76036;3123825;4.199999809;13712631.72
Lithuania;LTU;2011;40479;8428;0.208206724;158.0327109;25968.58342;3083402;3.799999952;14066638.52
Lithuania;LTU;2012;40209;8371;0.208187222;155.7848726;27330.89595;3045561;3.5;14133749.57
Lithuania;LTU;2013;40701;8453;0.207685315;156.3007298;28589.02666;3008938;3.900000095;13106309.08
Lithuania;LTU;2014;39601;8251;0.208353324;151.4639213;29855.83149;2971498;4;12874668.05
Moldova;MDA;1990;43766;6280;0.143490381;140.2397346;1210;4365562;6.599999905;0
Moldova;MDA;1991;46678;6444;0.138052187;142.8472795;1350;4375053;6.599999905;0
Moldova;MDA;1992;45825;6032;0.131631206;132.9220375;1500;4376804;6.5;21080649.8
Moldova;MDA;1993;47127;6086;0.129140408;132.9215503;2300;4371155;4.199999809;15970388.5
Moldova;MDA;1994;52776;6622;0.1254737;143.5554225;4560;4358790;4.099999905;12390324.1
Moldova;MDA;1995;54135;6601;0.121935901;142.5836476;5696.158359;4340602;4.099999905;11405405.8
Moldova;MDA;1996;51111;6108;0.119504608;131.7929757;5372.138502;4316225;4.099999905;11687090
Moldova;MDA;1997;46812;5487;0.117213535;117.9429698;5480.854333;4286477;4.900000095;7301343.3
Moldova;MDA;1998;44794;5211;0.116332545;111.4062723;5124.354896;4254835;4.699999809;6443857.2
Moldova;MDA;1999;45703;5229;0.114412621;110.8677305;4959.535128;4225835;4.699999809;4684556.2
Netherlands;NLD;1990;121744;36424;0.299185175;183.1034458;36461.41902;14965442;7.599999905;162440836.2
Netherlands;NLD;1991;122671;37243;0.303600688;184.2580767;37057.58313;15064522;8;170819825.4
Netherlands;NLD;1992;124111;37878;0.305194544;184.379209;37405.92997;15165856;7.300000191;170654887
Netherlands;NLD;1993;127645;38790;0.303889694;186.0625922;37613.25219;15268005;6.599999905;170796225.4
Netherlands;NLD;1994;127110;38763;0.304956337;183.2650913;38494.21785;15369121;6.800000191;171398399.4
Netherlands;NLD;1995;128177;38707;0.301980855;180.3279035;39498.13682;15467852;6.800000191;173032706.8
Netherlands;NLD;1996;129894;39769;0.306165027;182.3716058;40691.89032;15563252;6.199999809;182473197.5
Netherlands;NLD;1997;129786;40055;0.308623426;180.8459726;42235.48907;15655482;6.5;175292382.2
Netherlands;NLD;1998;130837;40448;0.309148024;179.8469737;43933.56811;15745650;6.599999905;176402161
Netherlands;NLD;1999;132767;40907;0.308111202;179.2160593;45839.13146;15835525;6.400000095;170991277.1
Netherlands;NLD;2000;133061;40556;0.304792539;175.2064731;47422.2034;15926188;6.400000095;171935801.2
Netherlands;NLD;2001;133303;40990;0.307494955;174.3568775;48160.78437;16018112;6;177079434.6
Netherlands;NLD;2002;133875;41054;0.306659197;171.7515732;47958.33197;16110355;6.300000191;176374898.4
Netherlands;NLD;2003;132825;39454;0.297037455;162.5256817;47806.88443;16200948;6.199999809;179824198.7
Netherlands;NLD;2004;130018;41609;0.32002492;168.2047935;48586.70462;16287183;5.599999905;181453315.9
Netherlands;NLD;2005;128571;42369;0.329537765;168.0177249;49467.43543;16367153;5.099999905;177530881.5
Netherlands;NLD;2006;127544;43748;0.343003199;170.0189746;51097.36261;16440091;5.099999905;172736702.3
Netherlands;NLD;2007;126316;44748;0.35425441;169.9861027;52909.96976;16506651;5.300000191;172600460.5
Netherlands;NLD;2008;126743;46029;0.363167986;170.9820267;53848.25223;16568105;5.099999905;175519219.7
Netherlands;NLD;2009;126864;47071;0.371035124;170.9376616;51607.60573;16626379;4.599999905;170180412.3
Netherlands;NLD;2010;127478;48019;0.376684604;170.5416007;52032.9865;16682927;4.5;182179635.6
Netherlands;NLD;2011;128437;48950;0.381120705;170.0423843;52594.22901;16738190;1.5;169118699.9
Netherlands;NLD;2012;130668;50183;0.384049653;169.945971;51860.05599;16791850;1.5;164948743.6
New Zealand;NZL;1990;25030;6762;0.270155813;174.1130007;28086.82413;3398175;5.300000191;25453569.53
New Zealand;NZL;1991;25035;6833;0.272937887;172.1210268;26466.67346;3446171;4.699999809;26118072.09
New Zealand;NZL;1992;25450;6980;0.274263261;171.9432665;26479.0419;3503194;4.199999809;28112568.12
New Zealand;NZL;1993;25806;7127;0.276176083;171.9520395;27852.03502;3564473;4.199999809;27706969.09
New Zealand;NZL;1994;25703;7163;0.278683422;169.2212228;28891.04395;3623272;4;27888757.31
New Zealand;NZL;1995;26253;7326;0.279053822;169.4743791;29815.78619;3674940;4;28153435.53
New Zealand;NZL;1996;26395;7408;0.280659216;167.6497499;30409.09066;3717352;4.199999809;29375228.4
New Zealand;NZL;1997;26215;7413;0.282777036;164.1710882;30627.80462;3752355;4.099999905;31356089.21
New Zealand;NZL;1998;25752;7408;0.287666977;160.501715;30599.32319;3783976;4;29934433
New Zealand;NZL;1999;26213;7545;0.287834281;159.8919233;32098.14628;3818128;3.799999952;31528566.54
New Zealand;NZL;2000;26068;7559;0.28997238;156.5953455;32837.09789;3858992;3.900000095;32359158.05
New Zealand;NZL;2001;26438;7613;0.287956729;154.1297634;33775.23266;3907941;3.400000095;34582667.69
New Zealand;NZL;2002;26589;7469;0.280905638;147.7578293;34745.16533;3963202;3.5;34768718.05
New Zealand;NZL;2003;26539;7784;0.293304194;150.386107;35616.11471;4022074;3.099999905;36493091.67
New Zealand;NZL;2004;26579;7945;0.2989202;149.9269232;36504.19746;4080421;3.099999905;36064917.99
New Zealand;NZL;2005;26314;8000;0.304020673;147.2670085;37293.21377;4135353;3.299999952;37647573.63
New Zealand;NZL;2006;26477;8148;0.307738792;146.0561921;37902.75176;4185881;3.200000048;37520080.7
New Zealand;NZL;2007;26858;8377;0.31189962;146.1395756;38687.84615;4233046;3.200000048;36642046.21
New Zealand;NZL;2008;27144;8544;0.314765694;145.2537852;37933.15147;4278156;3.299999952;37655730.94
New Zealand;NZL;2009;27194;8643;0.317827462;143.2028666;37505.04828;4323338;3.099999905;34806699.32
Norway;NOR;1990;42959;10388;0.24181196;152.4436762;42136.61626;4247286;5.400000095;35704388.09
Norway;NOR;1991;42571;10387;0.243992389;151.2006188;43229.92976;4269465;5.5;34069334.14
Norway;NOR;1992;42850;10522;0.245554259;151.9927623;44517.44955;4292685;5.199999809;34831892.59
Norway;NOR;1993;43200;10705;0.247800926;153.3866674;45512.40436;4316790;5.300000191;36531562.52
Norway;NOR;1994;42803;10776;0.251758054;153.6726663;47541.78149;4341616;5;38445957.49
Norway;NOR;1995;42424;10809;0.254785027;153.0022519;49260.98483;4366996;5;38477220.08
Norway;NOR;1996;42067;10860;0.258159603;152.5180266;51476.21521;4393217;5.199999809;41593833.8
Norway;NOR;1997;41913;10912;0.260348818;152.0784724;53903.45457;4420266;4.900000095;41698909.6
Norway;NOR;1998;42077;11042;0.262423652;152.6613025;54989.71982;4447485;5.400000095;41956663.25
Norway;NOR;1999;41980;11119;0.264864221;152.537853;55713.7732;4474008;5.199999809;42709488.72
Norway;NOR;2000;41658;11208;0.269047962;152.4999953;57127.39975;4499375;4.900000095;42215884.96
Norway;NOR;2001;41336;11256;0.272305013;151.6768119;58018.32946;4523139;4.699999809;43559843.15
Norway;NOR;2002;41171;11381;0.27643244;152.1019881;58540.86364;4546017;4.5;42667047.64
Norway;NOR;2003;40097;11314;0.282165748;149.7549928;58728.17524;4570096;4.5;43921782.2
Norway;NOR;2004;39254;11316;0.288276354;148.183545;60699.58545;4598210;4.400000095;44337010.57
Norway;NOR;2005;38777;11335;0.292312453;146.5366441;61870.38379;4632359;3.799999952;43560708.06
Norway;NOR;2006;38827;11486;0.29582507;146.3595939;62846.95821;4672986;4.199999809;43923347.59
Norway;NOR;2007;39117;11722;0.299665107;147.2794954;64062.43691;4719403;3.400000095;45851890.6
Norway;NOR;2008;38949;11816;0.303371075;146.4588731;63570.36124;4771014;4;44903022.1
Norway;NOR;2009;38657;11891;0.307602763;145.3166172;61689.57772;4826847;3.900000095;43205403.59
Norway;NOR;2010;38388;11956;0.311451495;143.8862587;61353.49639;4885878;3.5;45823277.24
Norway;NOR;2011;39101;12212;0.312319378;144.5749875;61157.14893;4948335;3.200000048;44982556.87
Poland;POL;1990;373642;83481;0.223425097;194.0497775;11314.96237;37960193;9.899999619;376038705.7
Poland;POL;1991;388147;87179;0.22460305;200.5931494;10483.90203;38082940;10.69999981;373378200.5
Poland;POL;1992;381806;86706;0.227094388;197.8395635;10714.65962;38197588;9.100000381;363718927.6
Poland;POL;1993;371816;85489;0.229922865;193.3047314;11086.96005;38301349;9.699999809;364565344.4
Poland;POL;1994;372695;86828;0.232973343;194.0468735;11649.16378;38389469;8.899999619;359611076.8
Poland;POL;1995;376409;89491;0.237749363;197.3099027;12459.66635;38458642;9.300000191;361303851
Poland;POL;1996;370351;89537;0.241762544;194.9568738;13211.56797;38509672;8.199999809;375304644.6
Poland;POL;1997;370738;91819;0.247665467;197.1955881;14054.38753;38544838;8.300000191;366570115.9
Poland;POL;1998;366053;93108;0.25435661;197.1993352;14701.34311;38564191;8.100000381;337341530.6
Poland;POL;1999;371725;96568;0.259783442;201.310776;15386.94263;38567868;7.800000191;327652449.7
Poland;POL;2000;360174;96092;0.266793272;197.1993501;16257.64588;38556699;6.5;317097260.4
Poland;POL;2001;355857;97163;0.273039451;196.1864423;16466.786;38529585;6.599999905;313545668.9
Poland;POL;2002;352975;98014;0.277679722;194.6926363;16809.8182;38488640;6.599999905;305730543.5
Poland;POL;2003;353244;99203;0.280834211;193.6930191;17409.63901;38441821;6.300000191;318415559.2
Poland;POL;2004;357681;101511;0.283803165;194.5107841;18287.82793;38399553;6.199999809;322538948.6
Poland;POL;2005;360712;102910;0.285296857;193.5106268;18937.47515;38368957;6.400000095;321668846.1
Poland;POL;2006;364857;104899;0.28750716;193.4188226;20111.29962;38354447;5.800000191;334622822.1
Poland;POL;2007;370022;106968;0.289085514;193.3945183;21543.1637;38353339;5.699999809;334365693.2
Poland;POL;2008;371512;107728;0.289971791;190.9440085;22444.90735;38356786;5.199999809;327448211.3
Poland;POL;2009;373326;108732;0.29125215;188.9090021;23064.9537;38351924;5.400000095;314144580.2
Poland;POL;2010;367443;107855;0.29352852;183.6938735;23996.13978;38329784;5;332130710.9
Poland;POL;2011;368749;108955;0.295471988;181.7686314;25124.27636;38286824;4.800000191;331694639.5
Poland;POL;2012;375674;111800;0.29759845;182.6600578;25457.20646;38227033;4.300000191;324216621.4
Portugal;PRT;1990;99658;21692;0.217664412;162.8198526;23556.85621;9895358;5.300000191;45579085.94
Portugal;PRT;1991;101320;22256;0.219660482;164.0880623;24642.59962;9916052;5.5;47206212.67
Portugal;PRT;1992;100663;22507;0.223587614;163.0690317;24930.45063;9951305;5.699999809;51458520.14
Portugal;PRT;1993;101957;23058;0.226154163;164.0519992;24391.19985;9996642;5.699999809;50070049.5
Portugal;PRT;1994;99630;22954;0.230392452;160.1855501;24560.35706;10045032;5.900000095;50820363.17
Portugal;PRT;1995;101520;23596;0.232427108;161.1232559;25523.70602;10091322;5.400000095;54790936.81
Portugal;PRT;1996;103443;24252;0.234447957;161.9200813;26318.97513;10134016;5.300000191;52098076.4
Portugal;PRT;1997;102984;24501;0.237910743;160.3210172;27354.83681;10174564;5.400000095;55108776.84
Portugal;PRT;1998;103545;24954;0.240996668;159.8636737;28525.51743;10214046;5.300000191;59597616.69
Portugal;PRT;1999;104520;25441;0.24340796;159.5640274;29472.70988;10254501;5.5;67223504.65
Portugal;PRT;2000;103282;25653;0.248378227;157.5744996;30383.13782;10297117;5.400000095;66044345.51
Portugal;PRT;2001;103002;25980;0.252228112;155.9648723;30756.01895;10341456;5.599999905;65704175.79
Portugal;PRT;2002;103645;26386;0.254580539;155.0176903;30823.84904;10385993;5.5;69556728.46
Portugal;PRT;2003;104064;26827;0.257793281;154.2544565;30422.60203;10429615;5.400000095;64437188.19
Portugal;PRT;2004;101108;26661;0.263688333;150.1367434;30892.81988;10470926;5.199999809;67220525.69
Portugal;PRT;2005;100654;27013;0.268374829;149.1960736;31076.64412;10508494;4.900000095;69497372.12
Portugal;PRT;2006;99856;27265;0.273043182;147.2152781;31524.74957;10542837;4.5;64770176.83
Portugal;PRT;2007;100854;27795;0.275596407;146.6658752;32251.5691;10573150;4.400000095;62270128.78
Portugal;PRT;2008;101235;28256;0.279112955;145.8764394;32307.91277;10595312;4;59923525.13
Portugal;PRT;2009;101719;28688;0.282031872;145.1385807;31269.41046;10604066;4;57077123.09
Portugal;PRT;2010;101810;28997;0.284814851;143.6569171;31798.15381;10596055;3.900000095;52881799.72
Portugal;PRT;2011;101700;29275;0.287856441;141.9291184;31304.81553;10569388;3.900000095;51701800.43
Portugal;PRT;2012;102356;29551;0.288708039;140.1989354;30156.70158;10526308;3.099999905;49877899.43
Romania;ROU;1990;244613;35142;0.143663665;127.4280051;13302.47218;23489156;5;171231788.3
Romania;ROU;1991;246268;35463;0.144001657;127.3553742;11685.0989;23456646;3.599999905;140966758.5
Romania;ROU;1992;258766;37360;0.144377546;132.701735;10757.39091;23375828;4.300000191;130286047.4
Romania;ROU;1993;261906;38146;0.145647675;134.301861;10936.72938;23256959;5.5;121627189.6
Romania;ROU;1994;266711;39114;0.146653119;136.5787305;11383.29221;23115814;5.699999809;119670747.5
Romania;ROU;1995;277419;40876;0.147343909;141.384584;12117.36196;22964747;6.300000191;124836930.8
Romania;ROU;1996;289076;42745;0.147867689;146.632292;12627.2027;22805706;4.900000095;128277631.7
Romania;ROU;1997;288495;43268;0.149978336;147.464479;12049.54221;22637600;4.699999809;119265891.7
Romania;ROU;1998;277069;42021;0.151662582;142.392923;11829.41829;22466291;5;104755659.1
Romania;ROU;1999;263698;40607;0.15399055;136.6165786;11803.37576;22298122;6;88682298.25
Romania;ROU;2000;257660;40723;0.158049367;135.6204266;12109.5524;22137423;6;93538381.76
Romania;ROU;2001;263915;42661;0.161646742;140.5993645;12920.48961;21989354;5.599999905;98877063.45
Romania;ROU;2002;270025;44145;0.163484863;144.097319;13909.66542;21853278;5.699999809;99151878.22
Romania;ROU;2003;268867;44756;0.166461485;144.8599306;14338.35628;21720403;5.800000191;103576693
Romania;ROU;2004;261509;44467;0.170040037;142.7217721;15924.05133;21577890;5.599999905;102874430.1
Romania;ROU;2005;262707;45140;0.171826407;143.5204878;16770.6545;21417287;5.099999905;100966617.1
Romania;ROU;2006;258577;45307;0.175216667;142.8019225;18224.78359;21234312;4.599999905;104130559.8
Romania;ROU;2007;254285;45549;0.179125784;142.1975985;19833.96787;21034196;4.699999809;108559692.9
Romania;ROU;2008;257925;47249;0.183188912;146.0052156;22044.30668;20829521;4.900000095;105365397.6
Romania;ROU;2009;261420;48682;0.186221406;149.0663116;21002.27614;20637995;4.900000095;87205422.53
Romania;ROU;2010;262404;49421;0.188339355;149.7510831;20303.1628;20471860;4.099999905;83551258.13
Romania;ROU;2011;252290;48186;0.19099449;144.4351779;20792.1734;20336718;4.199999809;89343217.71
Romania;ROU;2012;256058;49633;0.193834991;147.2245331;21311.13363;20227467;4.099999905;86320925.39
Romania;ROU;2013;248694;48937;0.196775958;143.6278598;22197.03833;20132780;4;76829198.18
Russia;RUS;1990;1578896;276015;0.174815187;153.4883936;21482.74819;147531562;4.699999809;2571210651
Russia;RUS;1991;1612808;277809;0.17225175;152.5284279;20340.13191;147995584;4.699999809;2437038082
Russia;RUS;1992;1737526;293573;0.168960349;158.9671492;17367.64121;148268576;4.400000095;1993217628
Russia;RUS;1993;2051078;335217;0.163434545;179.6349712;15870.60588;148373584;4.400000095;1890935002
Russia;RUS;1994;2242181;354235;0.157986799;188.7377197;13880.46518;148349443;4.199999809;1669637144
Russia;RUS;1995;2151340;333212;0.154885792;177.0750162;13308.20491;148227471;5;1640263218
Russia;RUS;1996;2028218;310228;0.152955945;163.8929805;12827.11625;148020852;4.900000095;1606949015
Russia;RUS;1997;1929534;292701;0.151695176;153.0542606;13028.20833;147730020;5.400000095;1502137425
Russia;RUS;1998;1913612;286341;0.149633782;148.5618937;12358.15241;147360613;5.699999809;1484852223
Russia;RUS;1999;2079054;301575;0.145053952;155.3553383;13189.79376;146915915;6.699999809;1512984706
Russia;RUS;2000;2169960;308988;0.142393408;158.3366794;14569.93658;146404890;8.300000191;1499616209
Russia;RUS;2001;2204534;308370;0.139879902;157.1345018;15378.08974;145830726;8.699999809;1538244400
Russia;RUS;2002;2264719;312338;0.137914682;157.9137627;16175.0972;145215707;9;1528961747
Russia;RUS;2003;2301835;315114;0.136896867;158.8182422;17434.80814;144610876;8.699999809;1562472351
Russia;RUS;2004;2251508;307228;0.136454323;154.4895108;18765.51856;144080649;8.399999619;1570864198
Slovakia;SVK;1993;51553;10595;0.205516653;174.6193294;11867.83936;5347212;6.5;46658972.1
Slovakia;SVK;1994;50496;10556;0.209046261;171.972592;12554.73158;5362894;6.5;43827873.4
Slovakia;SVK;1995;51457;10868;0.211205473;174.9662555;13249.53762;5375470;7.199999809;44866516.53
Slovakia;SVK;1996;50327;10797;0.214536928;171.7606634;14096.77228;5384792;7.400000095;45165534.99
Slovakia;SVK;1997;52142;11254;0.215833685;177.0334232;14904.5805;5391202;7.699999809;45204312.28
Slovakia;SVK;1998;52540;11432;0.217586601;177.9824993;15491.31442;5395253;7.900000095;44175151.48
Slovakia;SVK;1999;52406;11411;0.217742243;175.5178843;15459.12234;5397709;7.900000095;43340782.07
Slovakia;SVK;2000;51713;11246;0.217469495;170.6038233;15660.64385;5399207;7.800000191;41533153.32
Slovakia;SVK;2001;52064;11183;0.214793331;167.1600162;16199.82774;5399995;7.699999809;43836558.63
Slovakia;SVK;2002;51894;11017;0.212298146;162.1984458;16936.50563;5400124;7.699999809;42051490.73
Slovakia;SVK;2003;52305;10883;0.208068062;157.7631532;17879.62275;5399844;7.599999905;42426775.16
Slovakia;SVK;2004;52053;10748;0.206481855;153.5159714;18827.29975;5399374;7.599999905;42991163.76
Slovakia;SVK;2006;53479;11178;0.209016623;155.4299356;21776.12924;5398674;4.300000191;42603719.01
Slovakia;SVK;2007;54535;11671;0.214009352;159.9654307;24127.88468;5398693;4.599999905;40949068.73
Slovakia;SVK;2008;53689;12011;0.223714355;162.0539963;25451.15176;5399362;5;41484590.49
Slovakia;SVK;2009;53669;12439;0.231772532;165.1165494;24030.61182;5401149;4.599999905;37639425.69
Slovakia;SVK;2010;52564;12504;0.23788144;163.1707276;25417.81236;5404293;4.400000095;38626518.73
Slovakia;SVK;2011;52782;12847;0.24339737;164.7288026;26107.82871;5408932;4.300000191;37932845.18
Slovakia;SVK;2012;52172;13036;0.249865828;164.153198;26557.79138;5414894;4.199999809;36109053.13
Slovakia;SVK;2013;51697;13176;0.254869722;162.8023092;26706.09511;5421721;3.900000095;35633934.53
Slovakia;SVK;2014;51496;13272;0.257728756;160.860753;27384.97181;5428798;3.900000095;33564670.97
Slovenia;SVN;1993;18231;4250;0.233119412;168.1554498;8358;2000560;6.300000191;14292670.05
Slovenia;SVN;1994;18293;4335;0.236975892;168.8465861;8468;1995326;6.300000191;14633781.17
Slovenia;SVN;1995;18406;4466;0.24263827;170.8886075;21483.69909;1991126;6.199999809;15244453.58
Slovenia;SVN;1996;18571;4589;0.247105702;172.6027246;22185.69296;1988580;6.199999809;15905820.13
Slovenia;SVN;1997;18721;4749;0.253672347;175.1623428;23337.38167;1987457;6.199999809;16232995.89
Slovenia;SVN;1998;18864;4879;0.258640797;176.3240861;24155.32932;1987384;6.199999809;15948223.64
Slovenia;SVN;1999;18795;4966;0.264219207;176.0646432;25425.28451;1987625;6.099999905;15323442.1
Slovenia;SVN;2000;18487;4988;0.269811219;173.4802139;26281.06845;1987710;6.099999905;15430093.6
Slovenia;SVN;2001;18887;5188;0.274686292;177.0141854;27083.72474;1987457;6;16363297.02
Slovenia;SVN;2002;18462;5172;0.280142996;172.9599566;27998.45536;1987265;3.900000095;16508204
Slovenia;SVN;2003;18553;5301;0.285721986;173.2422152;28809.90583;1987855;3.700000048;16270134.59
Slovenia;SVN;2004;18470;5384;0.291499729;171.7704398;30046.52932;1990226;3.599999905;16630663.55
Slovenia;SVN;2006;18034;5485;0.304147721;167.1837461;32817.88811;2002427;6.800000191;17124006.01
Slovenia;SVN;2007;18148;5634;0.310447432;167.7606631;34912.84718;2012128;6.599999905;17259960.28
Slovenia;SVN;2008;17925;5688;0.317322176;165.2465753;36081.12864;2023049;7.400000095;18197391.32
Slovenia;SVN;2009;17977;5747;0.319686266;163.016704;33057.41475;2033807;6.599999905;16310010.1
Slovenia;SVN;2010;18147;5867;0.323304127;162.5287994;33355.84763;2043336;6.199999809;16352627.37
Slovenia;SVN;2011;18196;5861;0.322103759;158.607274;33573.33551;2051277;5.699999809;16340572.4
Slovenia;SVN;2012;18536;5997;0.323532585;158.6861214;32618.60888;2057826;5.800000191;15800755.06
Slovenia;SVN;2013;18439;5989;0.324800694;154.8187109;32239.08456;2063120;4.800000191;15167076.94
Slovenia;SVN;2014;17751;5753;0.324094417;145.0855211;33098.94416;2067487;4.599999905;13512575.97
Spain;ESP;1990;325107;83062;0.255491269;155.8804142;27543.91924;39202524;7.199999809;231895048.4
Spain;ESP;1991;328732;84960;0.258447611;156.0410533;28173.38724;39299081;7.300000191;241464996.6
Spain;ESP;1992;327506;85862;0.262169243;154.4301777;28296.25568;39410852;6.900000095;250326924.4
Spain;ESP;1993;330202;87222;0.264147401;153.4189275;27859.54304;39533726;6.300000191;241817825.8
Spain;ESP;1994;332834;88488;0.265862262;152.1515427;28388.01265;39660079;6.800000191;254234048.2
Spain;ESP;1995;338719;90307;0.266613328;151.9327722;29042.34414;39787413;6.300000191;267832186.9
Spain;ESP;1996;344100;91743;0.266617262;150.6247743;29691.0968;39908962;6;255447995.9
Spain;ESP;1997;342516;91886;0.26826776;147.4399836;30661.65483;40035286;6.599999905;268058721.8
Spain;ESP;1998;349726;93671;0.26784111;146.7438419;31876.43959;40201561;7.300000191;276635970.8
Spain;ESP;1999;357352;95571;0.267442186;146.3001079;33173.1172;40454472;7.099999905;300176561
Spain;ESP;2000;352555;95045;0.269589142;142.4857266;34757.61502;40824745;7.099999905;311926058.9
Spain;ESP;2001;353409;95712;0.270825021;139.9621649;35874.75293;41319431;7.199999809;313891993.7
Spain;ESP;2002;359156;97068;0.270266959;138.6288199;36337.5552;41919593;7.099999905;334007115.6
Spain;ESP;2003;366996;99149;0.270163708;138.3394679;36750.44185;42596455;7.099999905;337979232.9
Spain;ESP;2004;365709;100015;0.273482468;136.2815809;37249.77351;43308345;7.199999809;354285655.6
Spain;ESP;2005;367297;101587;0.276579988;135.4623288;37963.36584;44019118;7;368964132.6
Spain;ESP;2006;364476;102950;0.282460299;134.0751069;38858.47107;44728561;6.800000191;360279239.6
Spain;ESP;2007;368474;105944;0.287520965;134.8732067;39520.82227;45429071;6.599999905;368133603
Spain;ESP;2008;370612;108593;0.29300994;135.0310595;39240.39519;46068811;6.699999809;336490118.5
Spain;ESP;2009;369064;110520;0.299460256;134.2278166;37430.6785;46583566;6.099999905;297248141
Spain;ESP;2010;367499;112037;0.304863415;133.2115482;37319.47622;46931011;5.5;283877489.7
Sweden;SWE;1990;89951;21672;0.240931174;143.6462937;34156.8203;8567375;4.5;57506342.82
Sweden;SWE;1991;90644;21935;0.241990645;143.9272151;33536.01491;8625140;4.5;57713493.44
Sweden;SWE;1992;90615;22088;0.243756552;143.3325714;32953.61829;8686735;4.599999905;57447091.7
Sweden;SWE;1993;91023;22274;0.244707382;142.9883486;32086.01264;8746770;3.799999952;57395714.04
Sweden;SWE;1994;88903;22070;0.248248091;140.3325252;33110.82558;8798235;3.599999905;59845492.34
Sweden;SWE;1995;89483;22399;0.250315702;140.7733819;34233.70278;8836421;3.400000095;59276126.28
Sweden;SWE;1996;89756;22640;0.252239405;140.650727;34719.11075;8859180;3.5;63194022.88
Sweden;SWE;1997;89438;22840;0.255372437;140.4112837;35764.68476;8868857;2.599999905;58132710.66
Sweden;SWE;1998;89558;23046;0.257330445;140.2994413;37286.09539;8870854;2.5;58717075.01
Sweden;SWE;1999;89709;23220;0.258836906;140.002352;38839.42627;8873105;2.799999952;55856974.06
Sweden;SWE;2000;89172;23245;0.260675997;138.8355172;40625.36205;8881642;2.900000095;54724980.5
Sweden;SWE;2001;89035;23314;0.261852081;137.9934377;41103.72646;8897802;2.900000095;55682290.71
Sweden;SWE;2002;89122;23317;0.261630125;136.8631706;41870.25916;8920703;3;56641312.84
Sweden;SWE;2003;88049;23345;0.265136458;136.0253583;42678.28414;8951439;2.900000095;57224353.61
Sweden;SWE;2004;87404;23457;0.268374445;135.6357877;44354.39106;8990653;2.799999952;56443340.56
Sweden;SWE;2005;86708;23460;0.27056327;133.8550194;45440.29675;9038627;2.700000048;53843310.57
Sweden;SWE;2006;86978;23628;0.271654901;133.0550352;47292.31369;9096170;2.599999905;53672750.5
Switzerland;CHE;1990;58600;15439;0.263464164;148.8726079;56329.21565;6652873;7.800000191;44161939.66
Switzerland;CHE;1991;58849;15434;0.262264439;146.9783134;55120.11476;6718818;7.800000191;46140163.72
Switzerland;CHE;1992;58485;15276;0.261195178;143.5747036;54491.90035;6792906;8.199999809;46015492.76
Switzerland;CHE;1993;58324;15149;0.259738701;140.3096108;53929.85852;6868937;7.599999905;43604679.31
Switzerland;CHE;1994;58490;15006;0.256556676;137.0602382;54181.00257;6938407;7.400000095;42678569.6
Switzerland;CHE;1995;60877;15817;0.259818979;141.6855396;54078.95231;6995519;7.300000191;43414060.79
Switzerland;CHE;1996;60458;15904;0.263058652;140.0761387;54106.57086;7038027;7.199999809;44098465.42
Switzerland;CHE;1997;60377;16075;0.266243768;139.6098821;55201.20477;7068503;7;43035015.67
Switzerland;CHE;1998;60144;16234;0.269918861;139.009518;56724.50517;7091775;7.099999905;44612347.11
Switzerland;CHE;1999;59963;16283;0.27155079;137.4056506;57440.05357;7115031;6.800000191;44441709.5
Switzerland;CHE;2000;59943;16319;0.272241963;135.830338;59389.42406;7143764;6.699999809;43611917.32
Switzerland;CHE;2001;59168;16404;0.277244456;134.322276;59944.77692;7179174;6.5;45075797.17
Switzerland;CHE;2002;59350;16560;0.279022746;133.2843879;59489.74806;7220378;6.5;43458527.07
Switzerland;CHE;2003;59559;16753;0.281284105;132.5003116;59022.35241;7268363;6.599999905;44644101.19
Switzerland;CHE;2004;58626;16756;0.285811756;130.2516654;60271.93241;7323728;6.400000095;45228284.21
Switzerland;CHE;2005;58525;16844;0.287808629;128.3553146;61613.39105;7386818;5.699999809;45779837.77
Switzerland;CHE;2006;58409;16983;0.290759986;126.8665401;63686.24824;7457961;5.800000191;45365628.28
Switzerland;CHE;2007;58536;17213;0.294058357;126.0041902;65641.71061;7536986;5.400000095;43359827.5
Switzerland;CHE;2008;58636;17411;0.296933624;124.6655712;66598.85937;7622826;5.699999809;44706687.82
Switzerland;CHE;2009;59149;17728;0.299717662;124.1646254;64404.07986;7713902;5.599999905;43528067.64
United Kingdom;GBR;1990;619239;169769;0.274157474;188.3905439;30464.98856;57134377;6.5;601067551.5
United Kingdom;GBR;1991;616761;169624;0.275023875;186.7936168;30035.89352;57290792;6.199999809;609020421.9
United Kingdom;GBR;1992;614111;169747;0.276410942;185.4468875;30074.92008;57446041;5.900000095;593504125.9
United Kingdom;GBR;1993;619555;170585;0.275334716;184.940017;30749.92476;57602279;5.699999809;579402782.1
United Kingdom;GBR;1994;609628;168859;0.276986949;181.6386648;31851.37706;57763382;5.599999905;575657386.1
United Kingdom;GBR;1995;612335;169203;0.276324234;180.4476724;32571.46779;57932450;5.699999809;566834101.6
United Kingdom;GBR;1996;608293;168147;0.276424355;177.890088;33298.12816;58113554;5.699999809;588493462
United Kingdom;GBR;1997;602666;167034;0.277158492;175.1258136;34864.89683;58307320;5.599999905;562484735.6
United Kingdom;GBR;1998;601934;167542;0.278339486;174.0273631;36052.39529;58509972;5.599999905;567486178.9
United Kingdom;GBR;1999;601326;168049;0.279464051;172.9145706;37116.43949;58715859;5.800000191;560505345.8
United Kingdom;GBR;2000;587863;166014;0.282402533;169.2235562;38280.80027;58923305;5.699999809;567061452.3
United Kingdom;GBR;2001;576668;164840;0.28584905;166.4141902;39174.89002;59124277;5.599999905;575927499.8
United Kingdom;GBR;2002;576990;166083;0.28784381;165.7519994;39859.31381;59326294;5.5;560040954.1
United Kingdom;GBR;2003;573850;167145;0.291269496;164.9241861;40992.07204;59561429;5.400000095;571600968.8
United Kingdom;GBR;2004;558489;166006;0.297241306;161.903418;41691.3885;59872760;5.199999809;573203764.5
United Kingdom;GBR;2005;550434;165756;0.301136921;159.5494653;42629.94822;60287953;5.099999905;570001049.8
United Kingdom;GBR;2006;545069;166590;0.30563103;158.3604688;43457.70177;60821349;4.900000095;567652245.2
United Kingdom;GBR;2007;542683;168163;0.309873351;157.4441025;44138.5205;61455154;4.699999809;559321980.6
United Kingdom;GBR;2008;542060;169922;0.313474523;156.6061413;43670.41458;62145098;4.5;544848238.5
United Kingdom;GBR;2009;534100;169668;0.317670848;153.9013086;41558.30083;62828620;4.300000191;494604731.5
United Kingdom;GBR;2010;533902;170537;0.319416297;151.9314179;42089.01364;63459801;4;512214253.3
United Kingdom;GBR;2011;536254;172472;0.321623708;150.8499422;42294.12046;64021922;3.5;469811462.2
United Kingdom;GBR;2012;545195;175638;0.322156293;150.7484066;42601.82841;64525300;3.400000095;487670753.9
United Kingdom;GBR;2013;552426;178763;0.323596283;150.9865245;43242.56767;64984015;3.200000048;477732571.4
United Kingdom;GBR;2014;552072;180410;0.326787086;150.1550972;44154.10561;65423048;3;438691177
United States;USA;1990;2070995;539139;0.260328489;168.9839267;40411.16034;252120309;7.400000095;5121264461
United States;USA;1991;2091122;544760;0.260510865;167.9010701;39831.58569;254539371;7.099999905;5070839400
United States;USA;1992;2108831;550919;0.261243789;166.8951999;40666.70058;256990608;6.900000095;5174059076
United States;USA;1993;2174147;565698;0.260193078;168.4277303;41238.78261;259532130;6.599999905;5284687882
United States;USA;1994;2205940;573321;0.259898728;168.1644524;42377.35551;262241204;6.599999905;5377987137
United States;USA;1995;2241176;582371;0.259850632;168.0199823;42999.78871;265163740;6.5;5439213314
United States;USA;1996;2237662;583202;0.260630068;165.7034116;44105.82746;268335007;6.400000095;5626186717
United States;USA;1997;2230713;583773;0.261697941;163.199956;45516.00233;271713634;6.300000191;5703890708
United States;USA;1998;2252337;589017;0.261513708;161.8355815;47004.61413;275175309;6;5752324190
United States;USA;1999;2291393;597618;0.260809909;161.7175326;48676.65902;278548148;5.699999809;5832250178
United States;USA;2000;2309875;602487;0.260830997;160.3751121;50124.89118;281710914;5.400000095;6000606067
United States;USA;2001;2333847;606130;0.259712826;158.9507689;50126.72022;284607992;5.300000191;5902454993
United States;USA;2002;2346880;610949;0.260323919;157.5664926;50528.78858;287279312;5.099999905;5943651279
United States;USA;2003;2349782;612745;0.260766743;155.1772822;51529.7264;289815567;4.900000095;5991319569
United States;USA;2004;2322785;609433;0.262371679;151.6358503;52994.55196;292354663;4.699999809;6106620735
United States;USA;2005;2352254;615940;0.261850974;150.1835404;54353.06858;294993509;4.5;6132005704
United States;USA;2006;2349965;620516;0.264053294;148.4121326;55368.35972;297758977;4.5;6052236286
United States;USA;2007;2348449;625940;0.266533359;146.502025;55873.24474;300608425;4.199999809;6130983563
United States;USA;2008;2369141;637146;0.26893545;145.705174;55271.65747;303486022;4;5932775281
United States;USA;2009;2372152;644331;0.271622982;144.2462912;53399.36563;306307565;3.700000048;5495394958
United States;USA;2010;2380927;648290;0.272284703;141.6773731;54315.91248;309011469;3.599999905;5701075808
United States;USA;2011;2424621;659516;0.272007873;140.9740166;54758.83327;311584051;3.5;5570706560
United States;USA;2012;2455682;668318;0.272151687;139.5372712;55581.41384;314043885;3.5;5366730281
United States;USA;2013;2496927;678428;0.27170518;138.2320462;56214.42868;316400539;3.299999952;5519612557
United States;USA;2014;2540698;689157;0.271247114;137.3065662;57213.26784;318673422;3.200000048;5568759258
